model	objective	reaction	flux	status	minimum	maximum
Cstr_16.xml	objective	Growth	38.317038	optimal	38.317038	38.317038
Cstr_16.xml	objective	R_12DGR161tipp	0.0	optimal	0.0	0.0
Cstr_16.xml	objective	R_12PPDRDH	0.0	optimal	0.0	0.0
Cstr_16.xml	objective	R_1P2CBXLCYCL	0.0	optimal	0.0	0.0
Cstr_16.xml	objective	R_1P2CBXLR	0.0	optimal	0.0	1000.0
Cstr_16.xml	objective	R_2AGPE120tipp	0.0	optimal	0.0	0.0
Cstr_16.xml	objective	R_2AGPE141tipp	0.0	optimal	0.0	0.0
Cstr_16.xml	objective	R_2AGPE161tipp	0.0	optimal	0.0	0.0
Cstr_16.xml	objective	R_2AGPEAT120	0.0	optimal	0.0	0.0
Cstr_16.xml	objective	R_2AGPEAT141	0.0	optimal	0.0	0.0
Cstr_16.xml	objective	R_2AGPEAT161	0.0	optimal	0.0	0.0
Cstr_16.xml	objective	R_2AGPG120tipp	0.0	optimal	0.0	0.0
Cstr_16.xml	objective	R_2AGPG140tipp	0.0	optimal	0.0	0.0
Cstr_16.xml	objective	R_2AGPG141tipp	0.0	optimal	0.0	0.0
Cstr_16.xml	objective	R_2AGPG161tipp	0.0	optimal	0.0	0.0
Cstr_16.xml	objective	R_2AGPG180tipp	0.0	optimal	0.0	0.0
Cstr_16.xml	objective	R_2AGPG181tipp	0.0	optimal	0.0	0.0
Cstr_16.xml	objective	R_2AGPGAT120	0.0	optimal	0.0	0.0
Cstr_16.xml	objective	R_2AGPGAT140	0.0	optimal	0.0	0.0
Cstr_16.xml	objective	R_2AGPGAT141	0.0	optimal	0.0	0.0
Cstr_16.xml	objective	R_2AGPGAT161	0.0	optimal	0.0	0.0
Cstr_16.xml	objective	R_2AGPGAT180	0.0	optimal	0.0	0.0
Cstr_16.xml	objective	R_2AGPGAT181	0.0	optimal	0.0	0.0
Cstr_16.xml	objective	R_2HH24DDH	0.0	optimal	0.0	0.0
Cstr_16.xml	objective	R_2HH24DDH1	0.0	optimal	0.0	0.0
Cstr_16.xml	objective	R_2MAHMP	0.0	optimal	0.0	0.0
Cstr_16.xml	objective	R_3HBCOAHL	0.0	optimal	0.0	0.0
Cstr_16.xml	objective	R_3HCINNMH	0.0	optimal	0.0	0.0
Cstr_16.xml	objective	R_3MBt2pp	0.0	optimal	0.0	0.0
Cstr_16.xml	objective	R_3MBt4pp	0.0	optimal	0.0	0.0
Cstr_16.xml	objective	R_3MBtex	0.0	optimal	0.0	0.0
Cstr_16.xml	objective	R_3OXCOAT	0.0	optimal	0.0	0.0
Cstr_16.xml	objective	R_3PEPTabcpp	0.0	optimal	0.0	0.0
Cstr_16.xml	objective	R_4ABUTD	0.0	optimal	-1000.0	0.0
Cstr_16.xml	objective	R_4ABUTabcpp	0.0	optimal	0.0	0.0
Cstr_16.xml	objective	R_4ABZGLUH	0.0	optimal	0.0	0.0
Cstr_16.xml	objective	R_4ABZGLUtex	0.0	optimal	0.0	0.0
Cstr_16.xml	objective	R_4ABZGLUtr	0.0	optimal	0.0	0.0
Cstr_16.xml	objective	R_4H2KPILY	0.0	optimal	0.0	0.0
Cstr_16.xml	objective	R_4HBAt	0.0	optimal	0.0	0.0
Cstr_16.xml	objective	R_4HGLSD	0.0	optimal	-1000.0	0.0
Cstr_16.xml	objective	R_5DGLCN_Et	0.0	optimal	0.0	0.0
Cstr_16.xml	objective	R_5DGLCNt2rpp	0.0	optimal	0.0	0.0
Cstr_16.xml	objective	R_5DGLCNtex	0.0	optimal	0.0	0.0
Cstr_16.xml	objective	R_5DOAN	0.0	optimal	0.0	0.0
Cstr_16.xml	objective	R_6ATHAtexi	0.0	optimal	0.0	0.0
Cstr_16.xml	objective	R_AABTN	0.0	optimal	0.0	0.0
Cstr_16.xml	objective	R_AACPS2	0.0	optimal	0.0	0.0
Cstr_16.xml	objective	R_AACPS9	0.0	optimal	0.0	0.0
Cstr_16.xml	objective	R_AALDH	0.0	optimal	0.0	0.0
Cstr_16.xml	objective	R_ABG4t2	0.025634	optimal	0.025634	0.025634
Cstr_16.xml	objective	R_ABTA	37.158063	optimal	13.155504	37.158063
Cstr_16.xml	objective	R_ABUTD	0.0	optimal	0.0	1000.0
Cstr_16.xml	objective	R_ABUTt2pp	0.0	optimal	0.0	0.0
Cstr_16.xml	objective	R_ABUTt2r	37.158063	optimal	13.155504	37.158063
Cstr_16.xml	objective	R_ABUTtex	0.0	optimal	0.0	0.0
Cstr_16.xml	objective	R_ACACT1r	0.0	optimal	0.0	0.0
Cstr_16.xml	objective	R_ACACT3r	0.0	optimal	0.0	0.0
Cstr_16.xml	objective	R_ACAC_Et	0.0	optimal	0.0	0.0
Cstr_16.xml	objective	R_ACALDt	-21.569849	optimal	-21.569849	16.214315
Cstr_16.xml	objective	R_ACCOAC	0.0	optimal	0.0	0.0
Cstr_16.xml	objective	R_ACGAMPM	0.0	optimal	0.0	7.663408
Cstr_16.xml	objective	R_ACGApts	0.0	optimal	0.0	7.663408
Cstr_16.xml	objective	R_ACGAptspp	0.0	optimal	0.0	7.663408
Cstr_16.xml	objective	R_ACGAtex	0.0	optimal	0.0	7.663408
Cstr_16.xml	objective	R_ACGK	0.0	optimal	0.0	0.0
Cstr_16.xml	objective	R_ACGLUtd	0.0	optimal	0.0	0.0
Cstr_16.xml	objective	R_ACHBS	0.0	optimal	0.0	0.0
Cstr_16.xml	objective	R_ACHBS2	0.0	optimal	0.0	0.0
Cstr_16.xml	objective	R_ACKr	0.0	optimal	-1000.0	990.6762
Cstr_16.xml	objective	R_ACLDC	0.0	optimal	0.0	0.0
Cstr_16.xml	objective	R_ACLS	0.0	optimal	0.0	0.0
Cstr_16.xml	objective	R_ACLSa_1	0.0	optimal	0.0	0.0
Cstr_16.xml	objective	R_ACLSb	16.214315	optimal	16.214315	16.214315
Cstr_16.xml	objective	R_ACLSb_1	0.0	optimal	0.0	0.0
Cstr_16.xml	objective	R_ACOAD20	0.0	optimal	0.0	0.0
Cstr_16.xml	objective	R_ACOAD20f	0.0	optimal	0.0	0.0
Cstr_16.xml	objective	R_ACOAD21f	0.0	optimal	0.0	0.0
Cstr_16.xml	objective	R_ACOAD23f	0.0	optimal	0.0	0.0
Cstr_16.xml	objective	R_ACOAD24f	0.0	optimal	0.0	0.0
Cstr_16.xml	objective	R_ACOAD3f	0.0	optimal	0.0	0.0
Cstr_16.xml	objective	R_ACOADH2	0.0	optimal	0.0	0.0
Cstr_16.xml	objective	R_ACODA	0.0	optimal	0.0	0.0
Cstr_16.xml	objective	R_ACONT	24.002559	optimal	0.0	24.002559
Cstr_16.xml	objective	R_ACOTA	0.0	optimal	0.0	0.0
Cstr_16.xml	objective	R_ACP1_FMN	0.0	optimal	0.0	0.0
Cstr_16.xml	objective	R_ACPS	0.0	optimal	0.0	0.0
Cstr_16.xml	objective	R_ACS2	0.0	optimal	0.0	0.0
Cstr_16.xml	objective	R_ACSPHAC100	0.0	optimal	0.0	0.0
Cstr_16.xml	objective	R_ACSPHAC101	0.0	optimal	0.0	0.0
Cstr_16.xml	objective	R_ACSPHAC120	0.0	optimal	0.0	0.0
Cstr_16.xml	objective	R_ACSPHAC121	0.0	optimal	0.0	0.0
Cstr_16.xml	objective	R_ACSPHAC121d6	0.0	optimal	0.0	0.0
Cstr_16.xml	objective	R_ACSPHAC140	0.0	optimal	0.0	0.0
Cstr_16.xml	objective	R_ACSPHAC141d5	0.0	optimal	0.0	0.0
Cstr_16.xml	objective	R_ACSPHAC142	0.0	optimal	0.0	0.0
Cstr_16.xml	objective	R_ACSPHAC160	0.0	optimal	0.0	0.0
Cstr_16.xml	objective	R_ACSPHAC50	0.0	optimal	0.0	0.0
Cstr_16.xml	objective	R_ACSPHAC60	0.0	optimal	0.0	0.0
Cstr_16.xml	objective	R_ACSPHAC70	0.0	optimal	0.0	0.0
Cstr_16.xml	objective	R_ACSPHAC80	0.0	optimal	0.0	0.0
Cstr_16.xml	objective	R_ACSPHAC90	0.0	optimal	0.0	0.0
Cstr_16.xml	objective	R_ACSPHACP100	0.0	optimal	0.0	0.0
Cstr_16.xml	objective	R_ACSPHACP40	0.0	optimal	0.0	0.0
Cstr_16.xml	objective	R_ACSPHACP50	0.0	optimal	0.0	0.0
Cstr_16.xml	objective	R_ACSPHACP60	0.0	optimal	0.0	0.0
Cstr_16.xml	objective	R_ACSPHACP70	0.0	optimal	0.0	0.0
Cstr_16.xml	objective	R_ACSPHACP80	0.0	optimal	0.0	0.0
Cstr_16.xml	objective	R_ACSPHACP90	0.0	optimal	0.0	0.0
Cstr_16.xml	objective	R_ACSPHACT40	0.0	optimal	0.0	0.0
Cstr_16.xml	objective	R_ACSPHACT60	0.0	optimal	0.0	0.0
Cstr_16.xml	objective	R_ACTD	0.0	optimal	0.0	1000.0
Cstr_16.xml	objective	R_ACTD2	0.0	optimal	0.0	0.0
Cstr_16.xml	objective	R_ACTD_1	0.0	optimal	0.0	1000.0
Cstr_16.xml	objective	R_ACTNabc	0.0	optimal	0.0	0.0
Cstr_16.xml	objective	R_ACTNabc1	0.0	optimal	0.0	0.0
Cstr_16.xml	objective	R_ACYP_2	0.0	optimal	0.0	0.0
Cstr_16.xml	objective	R_ACYSBMNt	0.0	optimal	0.0	0.0
Cstr_16.xml	objective	R_ACt2rpp	0.0	optimal	0.0	0.0
Cstr_16.xml	objective	R_ACt4pp	0.0	optimal	0.0	0.0
Cstr_16.xml	objective	R_ACtex	0.0	optimal	0.0	0.0
Cstr_16.xml	objective	R_ADCL	0.0	optimal	0.0	0.0
Cstr_16.xml	objective	R_ADCS	0.0	optimal	0.0	0.0
Cstr_16.xml	objective	R_ADK1	37.876201	optimal	-962.123799	37.876201
Cstr_16.xml	objective	R_ADK2	0.0	optimal	0.0	1000.0
Cstr_16.xml	objective	R_ADKd	0.0	optimal	0.0	0.0
Cstr_16.xml	objective	R_ADNCYC	0.0	optimal	0.0	0.0
Cstr_16.xml	objective	R_ADNUC	0.0	optimal	0.0	0.0
Cstr_16.xml	objective	R_ADPGLC	0.0	optimal	0.0	0.0
Cstr_16.xml	objective	R_ADPRDP_1	0.0	optimal	0.0	0.0
Cstr_16.xml	objective	R_ADPT	0.003832	optimal	0.003832	0.003832
Cstr_16.xml	objective	R_ADSK	0.0	optimal	0.0	0.0
Cstr_16.xml	objective	R_ADSL1r	7.828056	optimal	7.828056	7.828056
Cstr_16.xml	objective	R_ADSL2r	0.0	optimal	0.0	0.0
Cstr_16.xml	objective	R_ADSS	7.828056	optimal	7.828056	7.828056
Cstr_16.xml	objective	R_AGDC	0.0	optimal	0.0	0.0
Cstr_16.xml	objective	R_AGM3PApp	0.0	optimal	0.0	0.0
Cstr_16.xml	objective	R_AGM4PCPpp	0.0	optimal	0.0	0.0
Cstr_16.xml	objective	R_AGPR	0.0	optimal	0.0	0.0
Cstr_16.xml	objective	R_AHCYSNS	0.003832	optimal	0.003832	0.003832
Cstr_16.xml	objective	R_AHCi	0.0	optimal	0.0	0.0
Cstr_16.xml	objective	R_AHGDx	0.0	optimal	0.0	0.0
Cstr_16.xml	objective	R_AHMMPS_1	0.0	optimal	0.0	0.0
Cstr_16.xml	objective	R_AHSERL2	0.0	optimal	0.0	0.0
Cstr_16.xml	objective	R_AI2abcpp	0.0	optimal	0.0	0.0
Cstr_16.xml	objective	R_AI2tpp	0.0	optimal	0.0	0.0
Cstr_16.xml	objective	R_AICART	0.0	optimal	0.0	0.0
Cstr_16.xml	objective	R_AIRCr	0.0	optimal	0.0	0.0
Cstr_16.xml	objective	R_AKGDa	0.0	optimal	0.0	0.0
Cstr_16.xml	objective	R_AKGDb	0.0	optimal	0.0	0.0
Cstr_16.xml	objective	R_ALAALAD	0.0	optimal	0.0	0.0
Cstr_16.xml	objective	R_ALAALAabcpp	0.0	optimal	0.0	0.0
Cstr_16.xml	objective	R_ALAALAr	3.831704	optimal	3.831704	3.831704
Cstr_16.xml	objective	R_ALAGLNtr	0.0	optimal	0.0	0.0
Cstr_16.xml	objective	R_ALAGLUabcpp	0.0	optimal	0.0	0.0
Cstr_16.xml	objective	R_ALAGLYtr	0.0	optimal	0.0	0.0
Cstr_16.xml	objective	R_ALAHISabcpp	0.0	optimal	0.0	0.0
Cstr_16.xml	objective	R_ALAHIStex	0.0	optimal	0.0	0.0
Cstr_16.xml	objective	R_ALAHIStr	0.0	optimal	0.0	0.0
Cstr_16.xml	objective	R_ALALEUabcpp	0.0	optimal	0.0	0.0
Cstr_16.xml	objective	R_ALALEUt	0.0	optimal	0.0	0.0
Cstr_16.xml	objective	R_ALALEUtex	0.0	optimal	0.0	0.0
Cstr_16.xml	objective	R_ALAR	0.0	optimal	-988.530523	1000.0
Cstr_16.xml	objective	R_ALATA_D	-7.663408	optimal	-996.19393	992.336592
Cstr_16.xml	objective	R_ALATA_L	-43.260205	optimal	-1000.0	1000.0
Cstr_16.xml	objective	R_ALATHRabcpp	0.0	optimal	0.0	0.0
Cstr_16.xml	objective	R_ALATHRtex	0.0	optimal	0.0	0.0
Cstr_16.xml	objective	R_ALATHRtr	0.0	optimal	0.0	0.0
Cstr_16.xml	objective	R_ALATRPabcpp	0.0	optimal	0.0	0.0
Cstr_16.xml	objective	R_ALATRPtex	0.0	optimal	0.0	0.0
Cstr_16.xml	objective	R_ALAabc	0.0	optimal	0.0	0.0
Cstr_16.xml	objective	R_ALAabcpp	0.0	optimal	0.0	0.0
Cstr_16.xml	objective	R_ALAt2r	0.0	optimal	0.0	0.0
Cstr_16.xml	objective	R_ALAt4	0.0	optimal	0.0	0.0
Cstr_16.xml	objective	R_ALAtpp	0.0	optimal	0.0	0.0
Cstr_16.xml	objective	R_ALCD19	-439.02465	optimal	-1000.0	1000.0
Cstr_16.xml	objective	R_ALCD19y	-118.599108	optimal	-1000.0	881.404724
Cstr_16.xml	objective	R_ALCD22_L	0.0	optimal	0.0	0.0
Cstr_16.xml	objective	R_ALCD2ir	0.0	optimal	-1000.0	1000.0
Cstr_16.xml	objective	R_ALCD2x	0.0	optimal	-1000.0	1000.0
Cstr_16.xml	objective	R_ALCD2y	0.0	optimal	-881.404724	1000.0
Cstr_16.xml	objective	R_ALDD1	0.0	optimal	0.0	0.0
Cstr_16.xml	objective	R_ALDD19xr	0.0	optimal	0.0	0.0
Cstr_16.xml	objective	R_ALDD20x	0.0	optimal	0.0	0.0
Cstr_16.xml	objective	R_ALDD20y	0.0	optimal	0.0	0.0
Cstr_16.xml	objective	R_ALDD2x	0.0	optimal	0.0	0.0
Cstr_16.xml	objective	R_ALDD2y	0.0	optimal	0.0	0.0
Cstr_16.xml	objective	R_ALDD3y	0.0	optimal	0.0	0.0
Cstr_16.xml	objective	R_ALKP	0.0	optimal	0.0	0.0
Cstr_16.xml	objective	R_ALLTAMH	0.0	optimal	0.0	0.0
Cstr_16.xml	objective	R_ALPHNH	0.0	optimal	0.0	0.0
Cstr_16.xml	objective	R_ALR2	0.0	optimal	0.0	0.0
Cstr_16.xml	objective	R_ALR4x	0.0	optimal	0.0	0.0
Cstr_16.xml	objective	R_AMALT1	0.0	optimal	0.0	0.0
Cstr_16.xml	objective	R_AMALT2	75.309539	optimal	0.0	75.309539
Cstr_16.xml	objective	R_AMALT3	0.0	optimal	0.0	75.309539
Cstr_16.xml	objective	R_AMALT4	0.0	optimal	0.0	75.309539
Cstr_16.xml	objective	R_AMMQT8	0.003832	optimal	0.0	0.003832
Cstr_16.xml	objective	R_AMMQT8_2	0.0	optimal	0.0	0.003832
Cstr_16.xml	objective	R_AMPEP1	0.0	optimal	0.0	0.0
Cstr_16.xml	objective	R_AMPEP10	0.0	optimal	0.0	0.0
Cstr_16.xml	objective	R_AMPEP11	0.0	optimal	0.0	0.0
Cstr_16.xml	objective	R_AMPEP12	0.0	optimal	0.0	0.0
Cstr_16.xml	objective	R_AMPEP13	0.0	optimal	0.0	0.0
Cstr_16.xml	objective	R_AMPEP14	0.0	optimal	0.0	0.0
Cstr_16.xml	objective	R_AMPEP15	0.0	optimal	0.0	0.0
Cstr_16.xml	objective	R_AMPEP16	0.0	optimal	0.0	0.0
Cstr_16.xml	objective	R_AMPEP17	0.0	optimal	0.0	0.0
Cstr_16.xml	objective	R_AMPEP18	0.0	optimal	0.0	0.0
Cstr_16.xml	objective	R_AMPEP2	0.0	optimal	0.0	0.0
Cstr_16.xml	objective	R_AMPEP3	0.0	optimal	0.0	0.0
Cstr_16.xml	objective	R_AMPEP4	0.0	optimal	0.0	0.0
Cstr_16.xml	objective	R_AMPEP5	0.0	optimal	0.0	0.0
Cstr_16.xml	objective	R_AMPEP6	0.0	optimal	-1000.0	0.0
Cstr_16.xml	objective	R_AMPEP7	0.0	optimal	0.0	0.0
Cstr_16.xml	objective	R_AMPEP8	0.0	optimal	0.0	0.0
Cstr_16.xml	objective	R_AMPEP9	0.0	optimal	0.0	0.0
Cstr_16.xml	objective	R_AMPMS2	0.0	optimal	0.0	0.0
Cstr_16.xml	objective	R_AMPN	0.0	optimal	0.0	0.0
Cstr_16.xml	objective	R_AMPTASEAH	0.0	optimal	0.0	0.0
Cstr_16.xml	objective	R_AMPTASEAL	0.0	optimal	0.0	1000.0
Cstr_16.xml	objective	R_AMPTASEAT	0.0	optimal	0.0	0.0
Cstr_16.xml	objective	R_AMPTASEATRP	0.0	optimal	0.0	0.0
Cstr_16.xml	objective	R_AMPTASECG	0.0	optimal	0.0	0.0
Cstr_16.xml	objective	R_AMPTASEGGLN	0.0	optimal	0.0	0.0
Cstr_16.xml	objective	R_AMPTASEGGLU	0.0	optimal	0.0	0.0
Cstr_16.xml	objective	R_AMPTASEGM	0.0	optimal	0.0	0.0
Cstr_16.xml	objective	R_AMPTASEGS	0.0	optimal	0.0	0.0
Cstr_16.xml	objective	R_AMPTASEHG	0.0	optimal	0.0	0.0
Cstr_16.xml	objective	R_AMPTASEHH	1.81504	optimal	1.81504	1.81504
Cstr_16.xml	objective	R_AMPTASEPG	0.0	optimal	0.0	0.0
Cstr_16.xml	objective	R_ANHGMtex	0.0	optimal	0.0	0.0
Cstr_16.xml	objective	R_ANPRT	0.0	optimal	0.0	0.0
Cstr_16.xml	objective	R_ANS	0.0	optimal	0.0	0.0
Cstr_16.xml	objective	R_AP4AH	0.0	optimal	0.0	0.0
Cstr_16.xml	objective	R_AP4AS	0.0	optimal	0.0	0.0
Cstr_16.xml	objective	R_APRAUR	0.0	optimal	0.0	0.0
Cstr_16.xml	objective	R_APRTO2	0.0	optimal	0.0	0.0
Cstr_16.xml	objective	R_APSR	0.0	optimal	0.0	0.0
Cstr_16.xml	objective	R_APTNAT	0.0	optimal	0.0	0.0
Cstr_16.xml	objective	R_ARBT6Pt	0.0	optimal	0.0	0.0
Cstr_16.xml	objective	R_ARBTpts	0.0	optimal	0.0	0.0
Cstr_16.xml	objective	R_ARGDr	545.074009	optimal	545.074009	545.074009
Cstr_16.xml	objective	R_ARGN_1	0.0	optimal	0.0	0.0
Cstr_16.xml	objective	R_ARGORNt7pp	0.0	optimal	0.0	0.0
Cstr_16.xml	objective	R_ARGR	0.0	optimal	0.0	937.407643
Cstr_16.xml	objective	R_ARGSL	0.0	optimal	0.0	0.0
Cstr_16.xml	objective	R_ARGSS	0.0	optimal	0.0	0.0
Cstr_16.xml	objective	R_ARGabc	0.0	optimal	0.0	0.0
Cstr_16.xml	objective	R_ARGabcpp	0.0	optimal	0.0	0.0
Cstr_16.xml	objective	R_ARGt5r	556.407882	optimal	556.407882	556.407882
Cstr_16.xml	objective	R_ARGtex	0.0	optimal	0.0	0.0
Cstr_16.xml	objective	R_ARUH	0.0	optimal	-937.407643	0.0
Cstr_16.xml	objective	R_ASAD	-3.831704	optimal	-3.831704	-3.831704
Cstr_16.xml	objective	R_ASNN	0.0	optimal	0.0	0.0
Cstr_16.xml	objective	R_ASNS1	0.0	optimal	0.0	0.0
Cstr_16.xml	objective	R_ASNabc	9.236514	optimal	9.236514	9.236514
Cstr_16.xml	objective	R_ASO3t4pp	0.0	optimal	0.0	0.0
Cstr_16.xml	objective	R_ASO3tex	0.0	optimal	0.0	0.0
Cstr_16.xml	objective	R_ASO3tex_1	0.0	optimal	0.0	0.0
Cstr_16.xml	objective	R_ASO4rt2rpp	0.0	optimal	0.0	0.0
Cstr_16.xml	objective	R_ASO4t4pp	0.0	optimal	0.0	0.0
Cstr_16.xml	objective	R_ASP3H	0.0	optimal	0.0	0.0
Cstr_16.xml	objective	R_ASPCT	0.0	optimal	0.0	0.0
Cstr_16.xml	objective	R_ASPK	3.831704	optimal	3.831704	3.831704
Cstr_16.xml	objective	R_ASPO5	0.0	optimal	0.0	0.0
Cstr_16.xml	objective	R_ASPO6	0.087286	optimal	0.087286	0.087286
Cstr_16.xml	objective	R_ASPT	0.0	optimal	0.0	937.407643
Cstr_16.xml	objective	R_ASPTA	-20.98356	optimal	-958.391202	-20.98356
Cstr_16.xml	objective	R_ASPabc	0.0	optimal	0.0	0.0
Cstr_16.xml	objective	R_ASPabcpp	0.0	optimal	0.0	0.0
Cstr_16.xml	objective	R_ASPt2_3pp	0.0	optimal	0.0	0.0
Cstr_16.xml	objective	R_ASPt2r	0.0	optimal	0.0	0.0
Cstr_16.xml	objective	R_ATAH_1	0.0	optimal	0.0	0.0
Cstr_16.xml	objective	R_ATHRDHr	0.0	optimal	0.0	0.0
Cstr_16.xml	objective	R_ATPHs	0.0	optimal	0.0	0.0
Cstr_16.xml	objective	R_ATPM	0.0	optimal	0.0	0.0
Cstr_16.xml	objective	R_ATPPRT	0.0	optimal	0.0	0.0
Cstr_16.xml	objective	R_ATPS4rpp	680.019864	optimal	680.019864	704.022423
Cstr_16.xml	objective	R_BALAt2pp	0.0	optimal	0.0	0.0
Cstr_16.xml	objective	R_BALAt2r	0.0	optimal	0.0	0.0
Cstr_16.xml	objective	R_BALAtex	0.0	optimal	0.0	0.0
Cstr_16.xml	objective	R_BETALDHx	0.0	optimal	0.0	0.0
Cstr_16.xml	objective	R_BETALDHy	0.0	optimal	0.0	0.0
Cstr_16.xml	objective	R_BHBtpp	0.0	optimal	0.0	0.0
Cstr_16.xml	objective	R_BMNMSHS	0.0	optimal	0.0	0.0
Cstr_16.xml	objective	R_BMNt	0.0	optimal	0.0	0.0
Cstr_16.xml	objective	R_BPNT	0.0	optimal	0.0	0.0
Cstr_16.xml	objective	R_BPNT2	0.0	optimal	0.0	0.0
Cstr_16.xml	objective	R_BTDD_RR	0.0	optimal	0.0	0.0
Cstr_16.xml	objective	R_BTS2	-3.531145	optimal	-3.531145	-3.531145
Cstr_16.xml	objective	R_BTS3r	3.531145	optimal	3.531145	3.531145
Cstr_16.xml	objective	R_BUTCT	0.0	optimal	0.0	0.0
Cstr_16.xml	objective	R_BUTt2rpp	0.0	optimal	0.0	0.0
Cstr_16.xml	objective	R_BUTt4pp	0.0	optimal	0.0	0.0
Cstr_16.xml	objective	R_BUTtex	0.0	optimal	0.0	0.0
Cstr_16.xml	objective	R_CAT	0.0	optimal	0.0	500.0
Cstr_16.xml	objective	R_CATpp	50.170125	optimal	0.0	500.0
Cstr_16.xml	objective	R_CAt6	-0.19944	optimal	-0.19944	-0.19944
Cstr_16.xml	objective	R_CBMKr	-545.074009	optimal	-1000.0	-545.074009
Cstr_16.xml	objective	R_CBMKr2	0.0	optimal	0.0	454.925991
Cstr_16.xml	objective	R_CBPS	0.0	optimal	0.0	0.0
Cstr_16.xml	objective	R_CD2abc1	0.0	optimal	0.0	0.0
Cstr_16.xml	objective	R_CD2abcpp	0.0	optimal	0.0	0.0
Cstr_16.xml	objective	R_CD2t3pp	0.0	optimal	0.0	0.0
Cstr_16.xml	objective	R_CD2t4pp	0.0	optimal	0.0	0.0
Cstr_16.xml	objective	R_CD2tex	0.0	optimal	0.0	0.0
Cstr_16.xml	objective	R_CD2tpp	0.0	optimal	0.0	0.0
Cstr_16.xml	objective	R_CDAPPA140	0.0	optimal	0.0	0.0
Cstr_16.xml	objective	R_CDAPPA160	0.0	optimal	0.0	0.0
Cstr_16.xml	objective	R_CDAPPA160190	0.0	optimal	0.0	0.0
Cstr_16.xml	objective	R_CDAPPA161	0.0	optimal	0.0	0.0
Cstr_16.xml	objective	R_CDAPPA180	0.0	optimal	0.0	0.0
Cstr_16.xml	objective	R_CDAPPA181	0.0	optimal	0.0	0.0
Cstr_16.xml	objective	R_CDAPPA190	0.0	optimal	0.0	0.0
Cstr_16.xml	objective	R_CDPMEK	42.179396	optimal	42.179396	42.179396
Cstr_16.xml	objective	R_CGLYabcpp	0.0	optimal	0.0	0.0
Cstr_16.xml	objective	R_CHLabc	0.0	optimal	0.0	0.0
Cstr_16.xml	objective	R_CHLabc_rev	0.0	optimal	0.0	0.0
Cstr_16.xml	objective	R_CHLabcpp	0.0	optimal	0.0	0.0
Cstr_16.xml	objective	R_CHLt2	0.0	optimal	0.0	0.0
Cstr_16.xml	objective	R_CHLt2pp	0.0	optimal	0.0	0.0
Cstr_16.xml	objective	R_CHLt3pp	0.0	optimal	0.0	0.0
Cstr_16.xml	objective	R_CHOLD	0.0	optimal	0.0	0.0
Cstr_16.xml	objective	R_CHORM	0.0	optimal	0.0	0.0
Cstr_16.xml	objective	R_CHORS	0.003832	optimal	0.003832	0.003832
Cstr_16.xml	objective	R_CIGAMS	0.0	optimal	0.0	0.0
Cstr_16.xml	objective	R_CMCBTFL	0.0	optimal	0.0	1000.0
Cstr_16.xml	objective	R_CMCBTFU	0.0	optimal	0.0	1000.0
Cstr_16.xml	objective	R_CMCBTFtex	0.0	optimal	0.0	0.0
Cstr_16.xml	objective	R_CMCBTFtpp	0.0	optimal	0.0	0.0
Cstr_16.xml	objective	R_CMCMSAD	0.0	optimal	0.0	0.0
Cstr_16.xml	objective	R_CMHMI	0.0	optimal	0.0	0.0
Cstr_16.xml	objective	R_CO2t	-600.160326	optimal	-1000.0	0.0
Cstr_16.xml	objective	R_CO2tex	-399.839674	optimal	-1000.0	0.0
Cstr_16.xml	objective	R_CO2tpp	0.0	optimal	-600.160326	423.842233
Cstr_16.xml	objective	R_COBALT2abcpp	0.0	optimal	0.0	0.0
Cstr_16.xml	objective	R_COBALT2t3pp	0.0	optimal	0.0	0.0
Cstr_16.xml	objective	R_COBALTt4pp	0.0	optimal	0.0	0.0
Cstr_16.xml	objective	R_COBALTt5	-0.003832	optimal	-0.003832	-0.003832
Cstr_16.xml	objective	R_COabc	0.0	optimal	0.0	0.0
Cstr_16.xml	objective	R_CPPPGO	0.0	optimal	0.0	0.0
Cstr_16.xml	objective	R_CPPPGO2	0.0	optimal	0.0	0.0
Cstr_16.xml	objective	R_CRESOLtex	0.0	optimal	0.0	0.0
Cstr_16.xml	objective	R_CRO4abcpp	0.0	optimal	0.0	0.0
Cstr_16.xml	objective	R_CRO4t3pp	0.0	optimal	0.0	0.0
Cstr_16.xml	objective	R_CS	24.002559	optimal	0.0	24.002559
Cstr_16.xml	objective	R_CSND	0.0	optimal	0.0	0.0
Cstr_16.xml	objective	R_CTECOAI6	0.0	optimal	0.0	0.0
Cstr_16.xml	objective	R_CTECOAI7	0.0	optimal	0.0	0.0
Cstr_16.xml	objective	R_CTECOAI8	0.0	optimal	0.0	0.0
Cstr_16.xml	objective	R_CTPS1	6.150843	optimal	6.150843	6.150843
Cstr_16.xml	objective	R_CTPS2	0.0	optimal	0.0	0.0
Cstr_16.xml	objective	R_CU1Opp	0.0	optimal	0.0	0.0
Cstr_16.xml	objective	R_CU2abcpp	0.0	optimal	0.0	0.0
Cstr_16.xml	objective	R_CUabcpp	0.0	optimal	0.0	0.0
Cstr_16.xml	objective	R_CUtex	0.0	optimal	0.0	0.0
Cstr_16.xml	objective	R_CYANST	0.0	optimal	0.0	0.0
Cstr_16.xml	objective	R_CYANt2pp	0.0	optimal	0.0	0.0
Cstr_16.xml	objective	R_CYANtex	0.0	optimal	0.0	0.0
Cstr_16.xml	objective	R_CYO1b	0.0	optimal	0.0	132.432383
Cstr_16.xml	objective	R_CYSS	0.0	optimal	0.0	0.0
Cstr_16.xml	objective	R_CYSTL	0.0	optimal	0.0	0.0
Cstr_16.xml	objective	R_CYSabc	0.0	optimal	0.0	0.0
Cstr_16.xml	objective	R_CYSabc2pp	0.0	optimal	0.0	0.0
Cstr_16.xml	objective	R_CYSabcpp	0.0	optimal	0.0	0.0
Cstr_16.xml	objective	R_CYTBD	0.0	optimal	0.0	999.912714
Cstr_16.xml	objective	R_CYTBD2	0.0	optimal	0.0	999.912714
Cstr_16.xml	objective	R_CYTBD2pp	1000.0	optimal	1000.0	1000.0
Cstr_16.xml	objective	R_CYTB_B2	0.0	optimal	0.0	999.912714
Cstr_16.xml	objective	R_CYTDH	0.0	optimal	0.0	0.0
Cstr_16.xml	objective	R_CYTK1	42.179396	optimal	42.179396	42.179396
Cstr_16.xml	objective	R_CYTK2	0.0	optimal	0.0	0.0
Cstr_16.xml	objective	R_Clt	0.19944	optimal	0.19944	0.19944
Cstr_16.xml	objective	R_Cobalt2abcppI	0.0	optimal	0.0	0.0
Cstr_16.xml	objective	R_Cuabc	0.027167	optimal	0.027167	0.027167
Cstr_16.xml	objective	R_Cut1	0.0	optimal	0.0	0.0
Cstr_16.xml	objective	R_DAAD	0.0	optimal	0.0	937.407643
Cstr_16.xml	objective	R_DAAD2	0.0	optimal	0.0	937.407643
Cstr_16.xml	objective	R_DAAD4	0.0	optimal	0.0	5.897337
Cstr_16.xml	objective	R_DAAD5	0.0	optimal	0.0	0.0
Cstr_16.xml	objective	R_DAAD7	0.0	optimal	0.0	1000.0
Cstr_16.xml	objective	R_DAAD8	0.0	optimal	0.0	0.0
Cstr_16.xml	objective	R_DABAAT2	0.0	optimal	0.0	0.0
Cstr_16.xml	objective	R_DACL	0.025634	optimal	0.025634	0.025634
Cstr_16.xml	objective	R_DAGK161	0.0	optimal	0.0	0.0
Cstr_16.xml	objective	R_DAGLIPA160ex	0.0	optimal	0.0	1000.0
Cstr_16.xml	objective	R_DAGLIPA180ex	0.0	optimal	0.0	1000.0
Cstr_16.xml	objective	R_DAGLIPA181d9ex	0.0	optimal	0.0	1000.0
Cstr_16.xml	objective	R_DAGLIPA182d9d12ex	0.0	optimal	0.0	1000.0
Cstr_16.xml	objective	R_DALAt2r	0.0	optimal	0.0	0.0
Cstr_16.xml	objective	R_DALAtex	0.0	optimal	0.0	0.0
Cstr_16.xml	objective	R_DAPADHL	0.0	optimal	0.0	0.0
Cstr_16.xml	objective	R_DAPAL	0.0	optimal	0.0	0.0
Cstr_16.xml	objective	R_DAPAT	0.0	optimal	0.0	0.0
Cstr_16.xml	objective	R_DAPDC	0.0	optimal	0.0	0.0
Cstr_16.xml	objective	R_DAPE	3.831704	optimal	3.831704	3.831704
Cstr_16.xml	objective	R_DARBt2rpp	0.0	optimal	0.0	0.0
Cstr_16.xml	objective	R_DARBt3ipp	0.0	optimal	0.0	0.0
Cstr_16.xml	objective	R_DASYN140	0.0	optimal	0.0	0.0
Cstr_16.xml	objective	R_DASYN160	0.0	optimal	0.0	0.0
Cstr_16.xml	objective	R_DASYN160190	0.0	optimal	0.0	0.0
Cstr_16.xml	objective	R_DASYN161	0.0	optimal	0.0	0.0
Cstr_16.xml	objective	R_DASYN180	0.0	optimal	0.0	0.0
Cstr_16.xml	objective	R_DASYN181	0.0	optimal	0.0	0.0
Cstr_16.xml	objective	R_DASYN190190	0.0	optimal	0.0	0.0
Cstr_16.xml	objective	R_DB4PS	0.0	optimal	0.0	0.0
Cstr_16.xml	objective	R_DCAtex	0.0	optimal	0.0	0.0
Cstr_16.xml	objective	R_DCPDPS	0.0	optimal	0.0	3.831704
Cstr_16.xml	objective	R_DCTPD	0.0	optimal	0.0	0.0
Cstr_16.xml	objective	R_DCTPD2	0.0	optimal	0.0	0.0
Cstr_16.xml	objective	R_DDPA	0.0	optimal	0.0	0.0
Cstr_16.xml	objective	R_DGK1	0.0	optimal	0.0	0.0
Cstr_16.xml	objective	R_DGNSK_1	0.0	optimal	0.0	0.0
Cstr_16.xml	objective	R_DHACOAH	0.0	optimal	0.0	0.0
Cstr_16.xml	objective	R_DHAD1	16.214315	optimal	16.214315	16.214315
Cstr_16.xml	objective	R_DHAD2	0.0	optimal	0.0	0.0
Cstr_16.xml	objective	R_DHAK	0.0	optimal	0.0	0.0
Cstr_16.xml	objective	R_DHAPT	0.0	optimal	0.0	0.0
Cstr_16.xml	objective	R_DHCINDO	0.0	optimal	0.0	0.0
Cstr_16.xml	objective	R_DHDPRy	3.831704	optimal	3.831704	3.831704
Cstr_16.xml	objective	R_DHDPS	3.831704	optimal	3.831704	3.831704
Cstr_16.xml	objective	R_DHEDAA	0.0	optimal	0.0	0.0
Cstr_16.xml	objective	R_DHFR	0.025634	optimal	0.025634	1.028238
Cstr_16.xml	objective	R_DHFS	0.025634	optimal	0.025634	0.025634
Cstr_16.xml	objective	R_DHNAOT	0.003832	optimal	0.003832	0.003832
Cstr_16.xml	objective	R_DHNPA2r	0.025634	optimal	0.0	0.025634
Cstr_16.xml	objective	R_DHNPA_1	0.0	optimal	0.0	0.025634
Cstr_16.xml	objective	R_DHORD2	0.0	optimal	0.0	0.0
Cstr_16.xml	objective	R_DHORDi	0.0	optimal	0.0	0.0
Cstr_16.xml	objective	R_DHORTS	0.0	optimal	0.0	0.0
Cstr_16.xml	objective	R_DHPACCOAHIT	0.0	optimal	0.0	0.0
Cstr_16.xml	objective	R_DHPDO	0.0	optimal	0.0	0.0
Cstr_16.xml	objective	R_DHPPDA	0.0	optimal	0.0	0.0
Cstr_16.xml	objective	R_DHPPDA2	0.0	optimal	0.0	0.0
Cstr_16.xml	objective	R_DHPS2	0.025634	optimal	0.0	0.025634
Cstr_16.xml	objective	R_DHPTDCs2	0.003832	optimal	0.0	0.003832
Cstr_16.xml	objective	R_DHPt	0.0	optimal	0.0	0.003832
Cstr_16.xml	objective	R_DHQS	0.0	optimal	0.0	0.0
Cstr_16.xml	objective	R_DHQTi	0.0	optimal	0.0	0.0
Cstr_16.xml	objective	R_DIPEPabc1	0.0	optimal	0.0	0.0
Cstr_16.xml	objective	R_DIPEPabc10	0.0	optimal	0.0	0.0
Cstr_16.xml	objective	R_DIPEPabc12	0.0	optimal	0.0	0.0
Cstr_16.xml	objective	R_DIPEPabc13	0.0	optimal	0.0	0.0
Cstr_16.xml	objective	R_DIPEPabc14	0.0	optimal	0.0	0.0
Cstr_16.xml	objective	R_DIPEPabc15	0.0	optimal	0.0	0.0
Cstr_16.xml	objective	R_DIPEPabc3	0.0	optimal	0.0	0.0
Cstr_16.xml	objective	R_DIPEPabc8	0.0	optimal	0.0	0.0
Cstr_16.xml	objective	R_DLYSAD	0.0	optimal	0.0	937.407643
Cstr_16.xml	objective	R_DLYSPYRAT	0.0	optimal	-937.407643	0.0
Cstr_16.xml	objective	R_DMALRED	0.0	optimal	0.0	1000.0
Cstr_16.xml	objective	R_DMATT	3.835536	optimal	3.835536	3.835536
Cstr_16.xml	objective	R_DMGDH2	0.0	optimal	0.0	0.0
Cstr_16.xml	objective	R_DMPPS	3.835536	optimal	0.0	42.179396
Cstr_16.xml	objective	R_DNADDP	0.0	optimal	0.0	0.0
Cstr_16.xml	objective	R_DNMPPA	0.025634	optimal	0.025634	0.025634
Cstr_16.xml	objective	R_DNTPPA	0.025634	optimal	0.025634	0.025634
Cstr_16.xml	objective	R_DPCOAK	0.022071	optimal	0.022071	0.022071
Cstr_16.xml	objective	R_DPPS	0.0	optimal	0.0	3.831704
Cstr_16.xml	objective	R_DPR	0.0	optimal	0.0	0.0
Cstr_16.xml	objective	R_DRBK	0.0	optimal	0.0	0.0
Cstr_16.xml	objective	R_DRIBabc	0.0	optimal	0.0	0.0
Cstr_16.xml	objective	R_DRIBtex_1	0.0	optimal	0.0	0.0
Cstr_16.xml	objective	R_DRPA	0.0	optimal	0.0	0.0
Cstr_16.xml	objective	R_DSERDHr	0.0	optimal	0.0	0.0
Cstr_16.xml	objective	R_DTBTST	0.0	optimal	0.0	0.0
Cstr_16.xml	objective	R_DTMPK	1.002604	optimal	1.002604	1.002604
Cstr_16.xml	objective	R_DURIPP_1	0.0	optimal	0.0	0.0
Cstr_16.xml	objective	R_DUTPDP	1.002604	optimal	1.002604	1.002604
Cstr_16.xml	objective	R_DXPRIi	42.179396	optimal	42.179396	42.179396
Cstr_16.xml	objective	R_DXPS	42.179396	optimal	42.179396	42.179396
Cstr_16.xml	objective	R_D_LACt2pp	0.0	optimal	0.0	0.0
Cstr_16.xml	objective	R_D_LACtex	0.0	optimal	0.0	0.0
Cstr_16.xml	objective	R_ECOAH1	0.0	optimal	0.0	0.0
Cstr_16.xml	objective	R_ECOAH12	0.0	optimal	0.0	0.0
Cstr_16.xml	objective	R_ECOAH14	0.0	optimal	0.0	1000.0
Cstr_16.xml	objective	R_ECOAH15	0.0	optimal	0.0	1000.0
Cstr_16.xml	objective	R_ECOAH16	0.0	optimal	0.0	1000.0
Cstr_16.xml	objective	R_ECOAH17	0.0	optimal	0.0	1000.0
Cstr_16.xml	objective	R_ECOAH18	0.0	optimal	0.0	1000.0
Cstr_16.xml	objective	R_ECOAH19	0.0	optimal	0.0	1000.0
Cstr_16.xml	objective	R_ECOAH2	0.0	optimal	0.0	0.0
Cstr_16.xml	objective	R_ECOAH20	0.0	optimal	0.0	1000.0
Cstr_16.xml	objective	R_ECOAH21	0.0	optimal	0.0	1000.0
Cstr_16.xml	objective	R_ECOAH22	0.0	optimal	0.0	1000.0
Cstr_16.xml	objective	R_ECOAH23	0.0	optimal	0.0	0.0
Cstr_16.xml	objective	R_ECOAH24	0.0	optimal	0.0	0.0
Cstr_16.xml	objective	R_ECOAH26	0.0	optimal	0.0	0.0
Cstr_16.xml	objective	R_ECOAH27	0.0	optimal	0.0	0.0
Cstr_16.xml	objective	R_ECOAH28	0.0	optimal	-1000.0	0.0
Cstr_16.xml	objective	R_ECOAH3	0.0	optimal	0.0	0.0
Cstr_16.xml	objective	R_ECOAH31	0.0	optimal	-1000.0	0.0
Cstr_16.xml	objective	R_ECOAH36	0.0	optimal	-1000.0	0.0
Cstr_16.xml	objective	R_ECOAH37	0.0	optimal	-1000.0	0.0
Cstr_16.xml	objective	R_ECOAH38	0.0	optimal	-1000.0	0.0
Cstr_16.xml	objective	R_ECOAH4	0.0	optimal	0.0	0.0
Cstr_16.xml	objective	R_ECOAH5	0.0	optimal	0.0	0.0
Cstr_16.xml	objective	R_ECOAH6	0.0	optimal	0.0	0.0
Cstr_16.xml	objective	R_ECOAH7	0.0	optimal	0.0	0.0
Cstr_16.xml	objective	R_ECOAH8	0.0	optimal	0.0	0.0
Cstr_16.xml	objective	R_ECOAH9ir	0.0	optimal	0.0	0.0
Cstr_16.xml	objective	R_ENO	1000.0	optimal	1000.0	1000.0
Cstr_16.xml	objective	R_ETOHtrpp	0.0	optimal	0.0	0.0
Cstr_16.xml	objective	R_EX_12dgr160_e	0.0	optimal	-1000.0	1000.0
Cstr_16.xml	objective	R_EX_12dgr180_e	0.0	optimal	-1000.0	1000.0
Cstr_16.xml	objective	R_EX_1ag160_e	0.0	optimal	-1000.0	1000.0
Cstr_16.xml	objective	R_EX_1ag180_e	0.0	optimal	-1000.0	1000.0
Cstr_16.xml	objective	R_EX_1ag181d9_e	0.0	optimal	-1000.0	1000.0
Cstr_16.xml	objective	R_EX_1ag182d9d12_e	0.0	optimal	-1000.0	1000.0
Cstr_16.xml	objective	R_EX_3h4atb_e	0.0	optimal	0.0	0.0
Cstr_16.xml	objective	R_EX_3hcinnm_e	0.0	optimal	0.0	0.0
Cstr_16.xml	objective	R_EX_3mb_e	0.0	optimal	0.0	0.0
Cstr_16.xml	objective	R_EX_4abut_e	-37.158063	optimal	-37.158063	-13.155504
Cstr_16.xml	objective	R_EX_4abzglu_e	0.0	optimal	0.0	0.0
Cstr_16.xml	objective	R_EX_4ahmmp_e	0.0	optimal	0.0	0.0
Cstr_16.xml	objective	R_EX_4crsol_e	0.0	optimal	0.0	0.0
Cstr_16.xml	objective	R_EX_4hba_e	0.0	optimal	0.0	0.0
Cstr_16.xml	objective	R_EX_4hphac_e	0.0	optimal	0.0	0.0
Cstr_16.xml	objective	R_EX_5dglcn_e	0.0	optimal	0.0	0.0
Cstr_16.xml	objective	R_EX_5drib_e	0.0	optimal	0.0	0.0
Cstr_16.xml	objective	R_EX_5mcsn_e	0.0	optimal	0.0	0.0
Cstr_16.xml	objective	R_EX_6atha_e	0.0	optimal	0.0	0.0
Cstr_16.xml	objective	R_EX_LalaLglu_e	0.0	optimal	0.0	0.0
Cstr_16.xml	objective	R_EX_R_3hcmrs7e_e	0.0	optimal	0.0	0.0
Cstr_16.xml	objective	R_EX_abg4_e	-0.025634	optimal	-0.025634	-0.025634
Cstr_16.xml	objective	R_EX_ac_e	0.0	optimal	0.0	0.0
Cstr_16.xml	objective	R_EX_acac_e	0.0	optimal	0.0	0.0
Cstr_16.xml	objective	R_EX_acald_e	21.569849	optimal	-16.214315	21.569849
Cstr_16.xml	objective	R_EX_acgam_e	0.0	optimal	-7.663408	0.0
Cstr_16.xml	objective	R_EX_acglu_e	0.0	optimal	0.0	0.0
Cstr_16.xml	objective	R_EX_actn__R_e	0.0	optimal	0.0	0.0
Cstr_16.xml	objective	R_EX_acysbmn_e	0.0	optimal	0.0	0.0
Cstr_16.xml	objective	R_EX_ala_B_e	0.0	optimal	0.0	0.0
Cstr_16.xml	objective	R_EX_ala_L_Thr__L_e	0.0	optimal	0.0	0.0
Cstr_16.xml	objective	R_EX_ala_L_asp__L_e	0.0	optimal	0.0	0.0
Cstr_16.xml	objective	R_EX_ala_L_gln__L_e	0.0	optimal	0.0	0.0
Cstr_16.xml	objective	R_EX_ala_L_glu__L_e	0.0	optimal	0.0	0.0
Cstr_16.xml	objective	R_EX_ala_L_his__L_e	0.0	optimal	0.0	0.0
Cstr_16.xml	objective	R_EX_ala_L_leu__L_e	0.0	optimal	0.0	0.0
Cstr_16.xml	objective	R_EX_ala_L_thr__L_e	0.0	optimal	0.0	0.0
Cstr_16.xml	objective	R_EX_ala__D_e	0.0	optimal	0.0	0.0
Cstr_16.xml	objective	R_EX_ala__L_e	0.0	optimal	0.0	0.0
Cstr_16.xml	objective	R_EX_alagly_e	0.0	optimal	0.0	0.0
Cstr_16.xml	objective	R_EX_alahis_e	0.0	optimal	0.0	0.0
Cstr_16.xml	objective	R_EX_alatrp_e	0.0	optimal	0.0	0.0
Cstr_16.xml	objective	R_EX_anhgm_e	0.0	optimal	0.0	0.0
Cstr_16.xml	objective	R_EX_arbt6p_e	0.0	optimal	0.0	0.0
Cstr_16.xml	objective	R_EX_arbt_e	0.0	optimal	0.0	0.0
Cstr_16.xml	objective	R_EX_arg__L_e	-556.407882	optimal	-556.407882	-556.407882
Cstr_16.xml	objective	R_EX_asn__L_e	-9.236514	optimal	-9.236514	-9.236514
Cstr_16.xml	objective	R_EX_aso3_e	0.0	optimal	0.0	0.0
Cstr_16.xml	objective	R_EX_asp__L_e	0.0	optimal	0.0	0.0
Cstr_16.xml	objective	R_EX_bmn_e	0.0	optimal	0.0	0.0
Cstr_16.xml	objective	R_EX_but_e	0.0	optimal	0.0	0.0
Cstr_16.xml	objective	R_EX_ca2_e	-0.19944	optimal	-0.19944	-0.19944
Cstr_16.xml	objective	R_EX_cgly_e	0.0	optimal	0.0	0.0
Cstr_16.xml	objective	R_EX_chol_e	0.0	optimal	0.0	0.0
Cstr_16.xml	objective	R_EX_cit_e	0.0	optimal	0.0	0.0
Cstr_16.xml	objective	R_EX_cl_e	-0.19944	optimal	-0.19944	-0.19944
Cstr_16.xml	objective	R_EX_cmcbtt_e	0.0	optimal	0.0	0.0
Cstr_16.xml	objective	R_EX_co2_e	1000.0	optimal	1000.0	1000.0
Cstr_16.xml	objective	R_EX_cobalt2_e	-0.003832	optimal	-0.003832	-0.003832
Cstr_16.xml	objective	R_EX_cu2_e	-0.027167	optimal	-0.027167	-0.027167
Cstr_16.xml	objective	R_EX_cu_e	0.0	optimal	0.0	0.0
Cstr_16.xml	objective	R_EX_cyan_e	0.0	optimal	0.0	0.0
Cstr_16.xml	objective	R_EX_cys__L_e	0.0	optimal	0.0	0.0
Cstr_16.xml	objective	R_EX_dag181d9_e	0.0	optimal	-1000.0	1000.0
Cstr_16.xml	objective	R_EX_dag182d9d12_e	0.0	optimal	-1000.0	1000.0
Cstr_16.xml	objective	R_EX_dca_e	0.0	optimal	0.0	0.0
Cstr_16.xml	objective	R_EX_dhptd_e	0.0	optimal	0.0	0.003832
Cstr_16.xml	objective	R_EX_drib_e	0.0	optimal	0.0	0.0
Cstr_16.xml	objective	R_EX_fe2_e	-0.257299	optimal	-1000.0	1000.0
Cstr_16.xml	objective	R_EX_fe3_e	-0.299179	optimal	-1000.0	999.700821
Cstr_16.xml	objective	R_EX_fe3dcit_e	0.0	optimal	0.0	0.0
Cstr_16.xml	objective	R_EX_fe3pyovd_kt_e	0.0	optimal	-1000.0	999.700821
Cstr_16.xml	objective	R_EX_for_e	-368.148073	optimal	-423.816599	-368.148073
Cstr_16.xml	objective	R_EX_fru_e	0.0	optimal	0.0	0.0
Cstr_16.xml	objective	R_EX_fum_e	0.0	optimal	0.0	0.0
Cstr_16.xml	objective	R_EX_g3pe_e	-37.784163	optimal	-37.784163	0.0
Cstr_16.xml	objective	R_EX_gam_e	-7.663408	optimal	-7.663408	0.0
Cstr_16.xml	objective	R_EX_glc__D_e	0.0	optimal	0.0	0.0
Cstr_16.xml	objective	R_EX_glcn__D_e	0.0	optimal	0.0	0.0
Cstr_16.xml	objective	R_EX_glcr_e	0.0	optimal	0.0	0.0
Cstr_16.xml	objective	R_EX_glcur_e	0.0	optimal	0.0	0.0
Cstr_16.xml	objective	R_EX_gln__L_e	0.0	optimal	0.0	0.0
Cstr_16.xml	objective	R_EX_glu__L_e	0.0	optimal	-24.002559	0.0
Cstr_16.xml	objective	R_EX_gly_asn__L_e	0.0	optimal	0.0	0.0
Cstr_16.xml	objective	R_EX_gly_asp__L_e	0.0	optimal	0.0	0.0
Cstr_16.xml	objective	R_EX_gly_cys__L_e	0.0	optimal	0.0	0.0
Cstr_16.xml	objective	R_EX_gly_e	0.0	optimal	0.0	0.0
Cstr_16.xml	objective	R_EX_gly_gln__L_e	0.0	optimal	0.0	0.0
Cstr_16.xml	objective	R_EX_gly_glu__L_e	0.0	optimal	0.0	0.0
Cstr_16.xml	objective	R_EX_gly_leu__L_e	0.0	optimal	0.0	0.0
Cstr_16.xml	objective	R_EX_gly_met__L_e	0.0	optimal	0.0	0.0
Cstr_16.xml	objective	R_EX_gly_phe__L_e	0.0	optimal	0.0	0.0
Cstr_16.xml	objective	R_EX_gly_pro__L_e	0.0	optimal	0.0	0.0
Cstr_16.xml	objective	R_EX_gly_tyr__L_e	0.0	optimal	0.0	0.0
Cstr_16.xml	objective	R_EX_glyald_e	557.623758	optimal	-43.224321	1000.0
Cstr_16.xml	objective	R_EX_glyb_e	0.0	optimal	0.0	0.0
Cstr_16.xml	objective	R_EX_glyc3p_e	0.0	optimal	-37.784163	0.0
Cstr_16.xml	objective	R_EX_glyc_e	-557.623758	optimal	-1000.0	1000.0
Cstr_16.xml	objective	R_EX_glyclt_e	0.0	optimal	0.0	0.0
Cstr_16.xml	objective	R_EX_glygln_e	0.0	optimal	0.0	0.0
Cstr_16.xml	objective	R_EX_glyglu_e	0.0	optimal	0.0	0.0
Cstr_16.xml	objective	R_EX_glygly_e	0.0	optimal	0.0	0.0
Cstr_16.xml	objective	R_EX_glyglygln_e	0.0	optimal	0.0	0.0
Cstr_16.xml	objective	R_EX_glymet_e	0.0	optimal	0.0	0.0
Cstr_16.xml	objective	R_EX_glyser_e	0.0	optimal	0.0	0.0
Cstr_16.xml	objective	R_EX_gthrd_e	0.0	optimal	0.0	0.0
Cstr_16.xml	objective	R_EX_gua_e	-9.302687	optimal	-9.302687	-9.302687
Cstr_16.xml	objective	R_EX_h2o2_e	-100.34025	optimal	-1000.0	0.0
Cstr_16.xml	objective	R_EX_h2o_e	0.0	optimal	-1000.0	1000.0
Cstr_16.xml	objective	R_EX_h2s_e	3.531145	optimal	3.531145	3.531145
Cstr_16.xml	objective	R_EX_h_e	-250.047412	optimal	-1000.0	1000.0
Cstr_16.xml	objective	R_EX_hdca_e	0.0	optimal	0.0	1000.0
Cstr_16.xml	objective	R_EX_his__L_e	0.0	optimal	0.0	0.0
Cstr_16.xml	objective	R_EX_hisgly_e	0.0	optimal	0.0	0.0
Cstr_16.xml	objective	R_EX_hishis_e	-1.81504	optimal	-1.81504	-1.81504
Cstr_16.xml	objective	R_EX_hxa_e	0.0	optimal	0.0	0.0
Cstr_16.xml	objective	R_EX_hxan_e	-7.828056	optimal	-7.828056	-7.828056
Cstr_16.xml	objective	R_EX_ile__L_e	-11.132211	optimal	-11.132211	-11.132211
Cstr_16.xml	objective	R_EX_ind3ac_e	0.0	optimal	0.0	0.0
Cstr_16.xml	objective	R_EX_indole_e	0.0	optimal	0.0	0.0
Cstr_16.xml	objective	R_EX_inost_e	0.0	optimal	0.0	0.0
Cstr_16.xml	objective	R_EX_istfrnA_e	0.0	optimal	-1000.0	1000.0
Cstr_16.xml	objective	R_EX_istfrnB_e	0.0	optimal	-1000.0	1000.0
Cstr_16.xml	objective	R_EX_k_e	-7.479218	optimal	-7.479218	-7.479218
Cstr_16.xml	objective	R_EX_lac__D_e	0.0	optimal	0.0	0.0
Cstr_16.xml	objective	R_EX_lac__L_e	867.567617	optimal	867.567617	899.233584
Cstr_16.xml	objective	R_EX_lcts_e	0.0	optimal	0.0	0.0
Cstr_16.xml	objective	R_EX_leu__L_e	-17.263014	optimal	-17.263014	-17.263014
Cstr_16.xml	objective	R_EX_leuleu_e	0.0	optimal	0.0	0.0
Cstr_16.xml	objective	R_EX_lipoate_e	0.0	optimal	0.0	0.0
Cstr_16.xml	objective	R_EX_lnlc_e	0.0	optimal	0.0	1000.0
Cstr_16.xml	objective	R_EX_lys__L_e	-13.148913	optimal	-13.148913	-13.148913
Cstr_16.xml	objective	R_EX_lysglugly_e	0.0	optimal	0.0	0.0
Cstr_16.xml	objective	R_EX_mal__L_e	0.0	optimal	0.0	0.0
Cstr_16.xml	objective	R_EX_malt_e	0.0	optimal	0.0	0.0
Cstr_16.xml	objective	R_EX_malthp_e	-75.309539	optimal	-75.309539	-75.309539
Cstr_16.xml	objective	R_EX_man_e	0.0	optimal	0.0	0.0
Cstr_16.xml	objective	R_EX_melib_e	0.0	optimal	0.0	0.0
Cstr_16.xml	objective	R_EX_met_L_ala__L_e	0.0	optimal	0.0	0.0
Cstr_16.xml	objective	R_EX_met__D_e	0.0	optimal	-5.897337	0.0
Cstr_16.xml	objective	R_EX_met__L_e	-5.897337	optimal	-5.897337	0.0
Cstr_16.xml	objective	R_EX_metsox_R__L_e	0.0	optimal	-5.897337	0.0
Cstr_16.xml	objective	R_EX_metsox_S__L_e	0.0	optimal	-5.897337	0.0
Cstr_16.xml	objective	R_EX_mg2_e	-0.3324	optimal	-0.3324	-0.3324
Cstr_16.xml	objective	R_EX_mn2_e	-0.026477	optimal	-0.026477	-0.026477
Cstr_16.xml	objective	R_EX_mnl_e	0.0	optimal	0.0	0.0
Cstr_16.xml	objective	R_EX_mobd_e	0.0	optimal	0.0	0.0
Cstr_16.xml	objective	R_EX_nh4_e	1000.0	optimal	1000.0	1000.0
Cstr_16.xml	objective	R_EX_no2_e	37.784163	optimal	0.0	37.784163
Cstr_16.xml	objective	R_EX_no3_e	0.0	optimal	0.0	0.0
Cstr_16.xml	objective	R_EX_o2_e	-487.701325	optimal	-1000.0	-0.043643
Cstr_16.xml	objective	R_EX_ocdca_e	0.0	optimal	0.0	1000.0
Cstr_16.xml	objective	R_EX_ocdcea_e	0.0	optimal	0.0	1000.0
Cstr_16.xml	objective	R_EX_octa_e	0.0	optimal	0.0	0.0
Cstr_16.xml	objective	R_EX_orn__L_e	545.074009	optimal	545.074009	545.074009
Cstr_16.xml	objective	R_EX_pacald_e	0.0	optimal	0.0	0.0
Cstr_16.xml	objective	R_EX_peamn_e	0.0	optimal	0.0	0.0
Cstr_16.xml	objective	R_EX_phe__L_e	-7.098806	optimal	-7.098806	-7.098806
Cstr_16.xml	objective	R_EX_pheme_e	0.0	optimal	0.0	0.0
Cstr_16.xml	objective	R_EX_pi_e	0.0	optimal	0.0	0.0
Cstr_16.xml	objective	R_EX_pnto__R_e	-0.022071	optimal	-0.022071	-0.022071
Cstr_16.xml	objective	R_EX_ppa_e	0.0	optimal	0.0	0.0
Cstr_16.xml	objective	R_EX_pro__L_e	-8.470173	optimal	-32.472732	-8.470173
Cstr_16.xml	objective	R_EX_progly_e	0.0	optimal	0.0	0.0
Cstr_16.xml	objective	R_EX_prohisglu_e	0.0	optimal	0.0	0.0
Cstr_16.xml	objective	R_EX_ptrc_e	0.0	optimal	0.0	0.0
Cstr_16.xml	objective	R_EX_pyovd_kt_e	0.0	optimal	-999.700821	1000.0
Cstr_16.xml	objective	R_EX_pyr_e	0.0	optimal	0.0	0.0
Cstr_16.xml	objective	R_EX_raffin_e	0.0	optimal	0.0	0.0
Cstr_16.xml	objective	R_EX_rib__D_e	0.0	optimal	0.0	0.0
Cstr_16.xml	objective	R_EX_ribflv_e	-0.017089	optimal	-0.017089	-0.017089
Cstr_16.xml	objective	R_EX_s_e	-7.06229	optimal	-7.06229	-7.06229
Cstr_16.xml	objective	R_EX_salc_e	0.0	optimal	0.0	0.0
Cstr_16.xml	objective	R_EX_salchs4_e	0.0	optimal	0.0	0.0
Cstr_16.xml	objective	R_EX_salchs4fe_e	0.0	optimal	0.0	0.0
Cstr_16.xml	objective	R_EX_sbt__D_e	0.0	optimal	0.0	0.0
Cstr_16.xml	objective	R_EX_ser__L_e	-20.504693	optimal	-20.504693	-20.504693
Cstr_16.xml	objective	R_EX_serglugly_e	0.0	optimal	0.0	0.0
Cstr_16.xml	objective	R_EX_skm_e	-0.003832	optimal	-0.003832	-0.003832
Cstr_16.xml	objective	R_EX_so3_e	0.0	optimal	0.0	0.0
Cstr_16.xml	objective	R_EX_so4_e	-0.166219	optimal	-0.166219	-0.166219
Cstr_16.xml	objective	R_EX_spmd_e	0.0	optimal	0.0	0.0
Cstr_16.xml	objective	R_EX_stfrnA_e	0.0	optimal	-1000.0	1000.0
Cstr_16.xml	objective	R_EX_stfrnB_e	0.0	optimal	-1000.0	1000.0
Cstr_16.xml	objective	R_EX_succ_e	0.0	optimal	0.0	0.0
Cstr_16.xml	objective	R_EX_sucr_e	0.0	optimal	0.0	0.0
Cstr_16.xml	objective	R_EX_tag160_e	0.0	optimal	-1000.0	0.0
Cstr_16.xml	objective	R_EX_tag180_e	0.0	optimal	-1000.0	0.0
Cstr_16.xml	objective	R_EX_tag181d9_e	0.0	optimal	-1000.0	0.0
Cstr_16.xml	objective	R_EX_tag182d9d12_e	0.0	optimal	-1000.0	0.0
Cstr_16.xml	objective	R_EX_taur_e	0.0	optimal	0.0	0.0
Cstr_16.xml	objective	R_EX_tcynt_e	0.0	optimal	0.0	0.0
Cstr_16.xml	objective	R_EX_thm_e	-0.008545	optimal	-0.008545	-0.008545
Cstr_16.xml	objective	R_EX_thr__L_e	-9.720535	optimal	-9.720535	-9.720535
Cstr_16.xml	objective	R_EX_tol_e	0.0	optimal	0.0	0.0
Cstr_16.xml	objective	R_EX_tre_e	0.0	optimal	0.0	0.0
Cstr_16.xml	objective	R_EX_trp__L_e	-2.178055	optimal	-2.178055	-2.178055
Cstr_16.xml	objective	R_EX_tsul_e	0.0	optimal	0.0	0.0
Cstr_16.xml	objective	R_EX_tyr__L_e	-5.283766	optimal	-5.283766	-5.283766
Cstr_16.xml	objective	R_EX_ura_e	-12.675085	optimal	-12.675085	-12.675085
Cstr_16.xml	objective	R_EX_urea_e	0.0	optimal	0.0	0.0
Cstr_16.xml	objective	R_EX_val__L_e	0.0	optimal	0.0	0.0
Cstr_16.xml	objective	R_EX_xtsn_e	0.0	optimal	0.0	0.0
Cstr_16.xml	objective	R_EX_xyl__D_e	0.0	optimal	0.0	0.0
Cstr_16.xml	objective	R_EX_zn2_e	-0.013066	optimal	-0.013066	-0.013066
Cstr_16.xml	objective	R_F1PP	0.0	optimal	0.0	0.0
Cstr_16.xml	objective	R_F6PP	0.0	optimal	0.0	0.0
Cstr_16.xml	objective	R_FA141ACPHi	0.0	optimal	0.0	0.0
Cstr_16.xml	objective	R_FA80ACPHi	0.0	optimal	0.0	0.0
Cstr_16.xml	objective	R_FACOAE100	0.0	optimal	0.0	0.0
Cstr_16.xml	objective	R_FACOAE120	0.0	optimal	0.0	0.0
Cstr_16.xml	objective	R_FACOAE140	0.0	optimal	0.0	0.0
Cstr_16.xml	objective	R_FACOAE141	0.0	optimal	0.0	0.0
Cstr_16.xml	objective	R_FACOAE160	0.0	optimal	0.0	0.0
Cstr_16.xml	objective	R_FACOAE161	0.0	optimal	0.0	0.0
Cstr_16.xml	objective	R_FACOAE180	0.0	optimal	0.0	0.0
Cstr_16.xml	objective	R_FACOAE181	0.0	optimal	0.0	0.0
Cstr_16.xml	objective	R_FACOAE60	0.0	optimal	0.0	0.0
Cstr_16.xml	objective	R_FACOAE80	0.0	optimal	0.0	0.0
Cstr_16.xml	objective	R_FACOAL100t2pp	0.0	optimal	0.0	0.0
Cstr_16.xml	objective	R_FACOAL120t2pp	0.0	optimal	0.0	0.0
Cstr_16.xml	objective	R_FACOAL140	0.0	optimal	0.0	0.0
Cstr_16.xml	objective	R_FACOAL140t2pp	0.0	optimal	0.0	0.0
Cstr_16.xml	objective	R_FACOAL141t2pp	0.0	optimal	0.0	0.0
Cstr_16.xml	objective	R_FACOAL160	0.0	optimal	0.0	0.0
Cstr_16.xml	objective	R_FACOAL160t2pp	0.0	optimal	0.0	0.0
Cstr_16.xml	objective	R_FACOAL161	0.0	optimal	0.0	0.0
Cstr_16.xml	objective	R_FACOAL161t2pp	0.0	optimal	0.0	0.0
Cstr_16.xml	objective	R_FACOAL180t2pp	0.0	optimal	0.0	0.0
Cstr_16.xml	objective	R_FACOAL181	0.0	optimal	0.0	0.0
Cstr_16.xml	objective	R_FACOAL181t2pp	0.0	optimal	0.0	0.0
Cstr_16.xml	objective	R_FACOAL60t2pp	0.0	optimal	0.0	0.0
Cstr_16.xml	objective	R_FACOAL80t2pp	0.0	optimal	0.0	0.0
Cstr_16.xml	objective	R_FACOALT60t2pp	0.0	optimal	0.0	0.0
Cstr_16.xml	objective	R_FADMQOR	517.990511	optimal	0.0	1000.0
Cstr_16.xml	objective	R_FALDtpp	0.0	optimal	0.0	0.0
Cstr_16.xml	objective	R_FALDtpp2	0.0	optimal	0.0	0.0
Cstr_16.xml	objective	R_FAO1	0.0	optimal	0.0	0.0
Cstr_16.xml	objective	R_FAO10	0.0	optimal	0.0	0.0
Cstr_16.xml	objective	R_FAO11	0.0	optimal	0.0	0.0
Cstr_16.xml	objective	R_FAO2	0.0	optimal	0.0	0.0
Cstr_16.xml	objective	R_FAO3	0.0	optimal	0.0	0.0
Cstr_16.xml	objective	R_FAS100	0.0	optimal	0.0	0.0
Cstr_16.xml	objective	R_FAS120	0.0	optimal	0.0	0.0
Cstr_16.xml	objective	R_FAS140	0.0	optimal	0.0	0.0
Cstr_16.xml	objective	R_FAS160	0.0	optimal	0.0	0.0
Cstr_16.xml	objective	R_FAS161	0.0	optimal	0.0	0.0
Cstr_16.xml	objective	R_FAS180	0.0	optimal	0.0	0.0
Cstr_16.xml	objective	R_FAS181	0.0	optimal	0.0	0.0
Cstr_16.xml	objective	R_FAS80_L	0.0	optimal	0.0	0.0
Cstr_16.xml	objective	R_FBA	507.22978	optimal	507.22978	507.22978
Cstr_16.xml	objective	R_FBACS	0.0	optimal	0.0	0.0
Cstr_16.xml	objective	R_FBACabcpp	0.0	optimal	0.0	0.0
Cstr_16.xml	objective	R_FBP	0.0	optimal	0.0	0.0
Cstr_16.xml	objective	R_FCLT	0.0	optimal	0.0	0.0
Cstr_16.xml	objective	R_FCLT2	0.0	optimal	0.0	0.0
Cstr_16.xml	objective	R_FCOAH2	0.0	optimal	0.0	0.0
Cstr_16.xml	objective	R_FDH	0.0	optimal	0.0	0.0
Cstr_16.xml	objective	R_FDH4pp	0.0	optimal	0.0	0.0
Cstr_16.xml	objective	R_FDH4pp_1	0.0	optimal	0.0	0.0
Cstr_16.xml	objective	R_FDH5pp	0.0	optimal	0.0	0.0
Cstr_16.xml	objective	R_FDH5pp_1	0.0	optimal	0.0	0.0
Cstr_16.xml	objective	R_FDH5r2pp	399.839674	optimal	399.839674	423.842233
Cstr_16.xml	objective	R_FDMOtau	0.0	optimal	0.0	0.0
Cstr_16.xml	objective	R_FE2Gabcpp	0.0	optimal	0.0	0.257299
Cstr_16.xml	objective	R_FE2abc	0.257299	optimal	0.0	0.257299
Cstr_16.xml	objective	R_FE2abcpp	0.0	optimal	0.0	0.257299
Cstr_16.xml	objective	R_FE2t3pp	0.0	optimal	0.0	0.0
Cstr_16.xml	objective	R_FE2t4pp	0.0	optimal	0.0	0.0
Cstr_16.xml	objective	R_FE2tex	0.0	optimal	0.0	0.257299
Cstr_16.xml	objective	R_FE3DCITabc	0.0	optimal	0.0	0.0
Cstr_16.xml	objective	R_FE3Gabcpp	0.0	optimal	0.0	0.0
Cstr_16.xml	objective	R_FE3PYOVDL2	0.0	optimal	-1000.0	999.700821
Cstr_16.xml	objective	R_FE3abc	0.0	optimal	0.0	0.0
Cstr_16.xml	objective	R_FE3t	0.299179	optimal	-999.700821	0.299179
Cstr_16.xml	objective	R_FEDCabc	0.0	optimal	0.0	0.0
Cstr_16.xml	objective	R_FEROpp	0.0	optimal	0.0	0.0
Cstr_16.xml	objective	R_FETRANS	0.0	optimal	0.0	0.0
Cstr_16.xml	objective	R_FFSD	0.0	optimal	0.0	0.0
Cstr_16.xml	objective	R_FGFT	0.0	optimal	0.0	999.991455
Cstr_16.xml	objective	R_FGLU	0.0	optimal	0.0	0.0
Cstr_16.xml	objective	R_FMNAT	0.008545	optimal	0.008545	0.008545
Cstr_16.xml	objective	R_FMNRx	37.784163	optimal	0.0	37.784163
Cstr_16.xml	objective	R_FMNRx2	0.0	optimal	0.0	37.784163
Cstr_16.xml	objective	R_FOLD3	0.0	optimal	0.0	0.025634
Cstr_16.xml	objective	R_FOMETRi	0.0	optimal	0.0	1000.0
Cstr_16.xml	objective	R_FORAMD	0.0	optimal	0.0	0.0
Cstr_16.xml	objective	R_FORMCOAL	0.0	optimal	0.0	0.0
Cstr_16.xml	objective	R_FORt	-31.691601	optimal	-1000.0	-0.025634
Cstr_16.xml	objective	R_FORt2	0.0	optimal	0.0	999.974366
Cstr_16.xml	objective	R_FORtex	399.839674	optimal	399.839674	423.842233
Cstr_16.xml	objective	R_FPRA	0.0	optimal	0.0	0.0
Cstr_16.xml	objective	R_FRD2rpp	37.158063	optimal	13.155504	37.158063
Cstr_16.xml	objective	R_FRTT	3.831704	optimal	0.0	3.831704
Cstr_16.xml	objective	R_FRUK	0.0	optimal	0.0	0.0
Cstr_16.xml	objective	R_FRUpts	0.0	optimal	0.0	0.0
Cstr_16.xml	objective	R_FRUpts2	0.0	optimal	0.0	0.0
Cstr_16.xml	objective	R_FRUptspp	0.0	optimal	0.0	0.0
Cstr_16.xml	objective	R_FRUtex	0.0	optimal	0.0	0.0
Cstr_16.xml	objective	R_FTHFCL	0.0	optimal	0.0	0.0
Cstr_16.xml	objective	R_FTHFLi	0.0	optimal	0.0	0.0
Cstr_16.xml	objective	R_FUM	44.986119	optimal	20.98356	982.393761
Cstr_16.xml	objective	R_FUMt2_3pp	0.0	optimal	0.0	0.0
Cstr_16.xml	objective	R_FUMt2r	0.0	optimal	0.0	0.0
Cstr_16.xml	objective	R_G1PACT	7.663408	optimal	0.0	7.663408
Cstr_16.xml	objective	R_G1PP	0.0	optimal	0.0	0.0
Cstr_16.xml	objective	R_G1SAT	0.0	optimal	0.0	0.0
Cstr_16.xml	objective	R_G3PD1ir	-37.784163	optimal	-37.784163	962.12855
Cstr_16.xml	objective	R_G3PD5	0.0	optimal	0.0	999.912714
Cstr_16.xml	objective	R_G3PEabcpp	37.784163	optimal	0.0	37.784163
Cstr_16.xml	objective	R_G3PEtex	37.784163	optimal	0.0	37.784163
Cstr_16.xml	objective	R_G3PT	0.0	optimal	0.0	0.0
Cstr_16.xml	objective	R_G5SADs	0.0	optimal	0.0	0.0
Cstr_16.xml	objective	R_G5SD	0.0	optimal	0.0	0.0
Cstr_16.xml	objective	R_G5SD2	0.0	optimal	0.0	0.0
Cstr_16.xml	objective	R_G6PDA	0.0	optimal	0.0	0.0
Cstr_16.xml	objective	R_G6PDH2r	0.0	optimal	0.0	0.0
Cstr_16.xml	objective	R_G6PP	0.0	optimal	0.0	0.0
Cstr_16.xml	objective	R_GALKr	0.0	optimal	0.0	0.0
Cstr_16.xml	objective	R_GALT	0.0	optimal	-1000.0	0.0
Cstr_16.xml	objective	R_GALUi	0.0	optimal	0.0	1000.0
Cstr_16.xml	objective	R_GALabcpp	0.0	optimal	0.0	0.0
Cstr_16.xml	objective	R_GALt2pp	0.0	optimal	0.0	0.0
Cstr_16.xml	objective	R_GAMpts	7.663408	optimal	0.0	7.663408
Cstr_16.xml	objective	R_GAPD	1000.0	optimal	1000.0	1000.0
Cstr_16.xml	objective	R_GARFT	0.0	optimal	0.0	999.991455
Cstr_16.xml	objective	R_GART	0.0	optimal	0.0	0.0
Cstr_16.xml	objective	R_GBDM	0.0	optimal	0.0	0.0
Cstr_16.xml	objective	R_GCALDD	0.025634	optimal	0.025634	0.025634
Cstr_16.xml	objective	R_GCCa	0.0	optimal	0.0	988.774525
Cstr_16.xml	objective	R_GCCb	0.0	optimal	0.0	988.774525
Cstr_16.xml	objective	R_GCCc	0.0	optimal	0.0	988.774525
Cstr_16.xml	objective	R_GCDH	0.0	optimal	-1000.0	0.0
Cstr_16.xml	objective	R_GDPDPK	0.0	optimal	0.0	0.0
Cstr_16.xml	objective	R_GDPMNP	0.0	optimal	0.0	0.0
Cstr_16.xml	objective	R_GDPTPDP	0.0	optimal	0.0	0.0
Cstr_16.xml	objective	R_GF6PTA	0.0	optimal	0.0	0.0
Cstr_16.xml	objective	R_GHMT2r	12.248999	optimal	12.248999	12.248999
Cstr_16.xml	objective	R_GK1	9.302687	optimal	9.302687	9.302687
Cstr_16.xml	objective	R_GLCNt2r	0.0	optimal	0.0	0.0
Cstr_16.xml	objective	R_GLCNt2rpp	0.0	optimal	0.0	0.0
Cstr_16.xml	objective	R_GLCNtex	0.0	optimal	0.0	0.0
Cstr_16.xml	objective	R_GLCOAS	0.0	optimal	0.0	0.0
Cstr_16.xml	objective	R_GLCRt1	0.0	optimal	0.0	0.0
Cstr_16.xml	objective	R_GLCURDH	0.0	optimal	0.0	0.0
Cstr_16.xml	objective	R_GLCURt2rpp	0.0	optimal	0.0	0.0
Cstr_16.xml	objective	R_GLCURtex	0.0	optimal	0.0	0.0
Cstr_16.xml	objective	R_GLCabc	0.0	optimal	0.0	0.0
Cstr_16.xml	objective	R_GLCabcpp	0.0	optimal	0.0	0.0
Cstr_16.xml	objective	R_GLCpts	0.0	optimal	0.0	0.0
Cstr_16.xml	objective	R_GLCt2pp	0.0	optimal	0.0	0.0
Cstr_16.xml	objective	R_GLGC	0.0	optimal	0.0	0.0
Cstr_16.xml	objective	R_GLNS	10.092057	optimal	10.092057	10.092057
Cstr_16.xml	objective	R_GLNabc	0.0	optimal	0.0	0.0
Cstr_16.xml	objective	R_GLNabcpp	0.0	optimal	0.0	0.0
Cstr_16.xml	objective	R_GLNtex	0.0	optimal	0.0	0.0
Cstr_16.xml	objective	R_GLU5K	0.0	optimal	0.0	0.0
Cstr_16.xml	objective	R_GLUDy	-62.592357	optimal	-1000.0	-62.592357
Cstr_16.xml	objective	R_GLUN	0.0	optimal	0.0	0.0
Cstr_16.xml	objective	R_GLUPRT	0.0	optimal	0.0	0.0
Cstr_16.xml	objective	R_GLUR	-11.469477	optimal	-1000.0	988.530523
Cstr_16.xml	objective	R_GLUTCOADHc	0.0	optimal	0.0	1000.0
Cstr_16.xml	objective	R_GLUTRR	0.0	optimal	0.0	0.0
Cstr_16.xml	objective	R_GLUTRS	0.0	optimal	0.0	0.0
Cstr_16.xml	objective	R_GLUTRS_3	0.0	optimal	0.0	0.0
Cstr_16.xml	objective	R_GLUabc	0.0	optimal	0.0	0.0
Cstr_16.xml	objective	R_GLUabcpp	0.0	optimal	0.0	0.0
Cstr_16.xml	objective	R_GLUt2r	0.0	optimal	0.0	24.002559
Cstr_16.xml	objective	R_GLUt4	0.0	optimal	0.0	24.002559
Cstr_16.xml	objective	R_GLUt4pp	0.0	optimal	0.0	0.0
Cstr_16.xml	objective	R_GLUtex	0.0	optimal	0.0	0.0
Cstr_16.xml	objective	R_GLXCL	0.012817	optimal	0.012817	0.012817
Cstr_16.xml	objective	R_GLYALDDr	0.0	optimal	0.0	0.0
Cstr_16.xml	objective	R_GLYALDt	-557.623758	optimal	-1000.0	43.224321
Cstr_16.xml	objective	R_GLYBabc	0.0	optimal	0.0	0.0
Cstr_16.xml	objective	R_GLYBabcpp	0.0	optimal	0.0	0.0
Cstr_16.xml	objective	R_GLYBt2r	0.0	optimal	0.0	0.0
Cstr_16.xml	objective	R_GLYBt3pp	0.0	optimal	0.0	0.0
Cstr_16.xml	objective	R_GLYBtex	0.0	optimal	0.0	0.0
Cstr_16.xml	objective	R_GLYC3Pabc	0.0	optimal	0.0	37.784163
Cstr_16.xml	objective	R_GLYCK	0.0	optimal	0.0	0.012817
Cstr_16.xml	objective	R_GLYCK2	0.012817	optimal	0.0	0.012817
Cstr_16.xml	objective	R_GLYCL	0.0	optimal	0.0	988.774525
Cstr_16.xml	objective	R_GLYCLTDx	0.0	optimal	0.0	1000.0
Cstr_16.xml	objective	R_GLYCLTDy	0.0	optimal	0.0	1000.0
Cstr_16.xml	objective	R_GLYCLTt2r	0.0	optimal	0.0	0.0
Cstr_16.xml	objective	R_GLYCLTt2rpp	0.0	optimal	0.0	0.0
Cstr_16.xml	objective	R_GLYCLTt4pp	0.0	optimal	0.0	0.0
Cstr_16.xml	objective	R_GLYCLTtex	0.0	optimal	0.0	0.0
Cstr_16.xml	objective	R_GLYCL_2	11.225475	optimal	11.225475	1000.0
Cstr_16.xml	objective	R_GLYCS_I	0.0	optimal	0.0	1000.0
Cstr_16.xml	objective	R_GLYCS_II	0.0	optimal	0.0	0.0
Cstr_16.xml	objective	R_GLYCTO1	0.0	optimal	0.0	999.912714
Cstr_16.xml	objective	R_GLYCTO3	0.025634	optimal	0.0	1000.0
Cstr_16.xml	objective	R_GLYCYSAP	0.0	optimal	0.0	0.0
Cstr_16.xml	objective	R_GLYCYSabc	0.0	optimal	0.0	0.0
Cstr_16.xml	objective	R_GLYCt	-557.623758	optimal	-1000.0	43.224321
Cstr_16.xml	objective	R_GLYGLNabcpp	0.0	optimal	0.0	0.0
Cstr_16.xml	objective	R_GLYGLNtex	0.0	optimal	0.0	0.0
Cstr_16.xml	objective	R_GLYGLNtr	0.0	optimal	0.0	0.0
Cstr_16.xml	objective	R_GLYGLUabcpp	0.0	optimal	0.0	0.0
Cstr_16.xml	objective	R_GLYGLUtex	0.0	optimal	0.0	0.0
Cstr_16.xml	objective	R_GLYGLYCNc	0.0	optimal	0.0	0.0
Cstr_16.xml	objective	R_GLYGLYGLNtr	0.0	optimal	0.0	0.0
Cstr_16.xml	objective	R_GLYGLYabcpp	0.0	optimal	0.0	0.0
Cstr_16.xml	objective	R_GLYGLYtex	0.0	optimal	0.0	0.0
Cstr_16.xml	objective	R_GLYK	0.0	optimal	0.0	0.0
Cstr_16.xml	objective	R_GLYLEUAP	0.0	optimal	0.0	0.0
Cstr_16.xml	objective	R_GLYLEUtr	0.0	optimal	0.0	0.0
Cstr_16.xml	objective	R_GLYMETabcpp	0.0	optimal	0.0	0.0
Cstr_16.xml	objective	R_GLYMETtex	0.0	optimal	0.0	0.0
Cstr_16.xml	objective	R_GLYMETtr	0.0	optimal	0.0	0.0
Cstr_16.xml	objective	R_GLYOX	0.0	optimal	0.0	0.0
Cstr_16.xml	objective	R_GLYOX_1	0.0	optimal	0.0	1000.0
Cstr_16.xml	objective	R_GLYPHEAP	0.0	optimal	-1000.0	0.0
Cstr_16.xml	objective	R_GLYPHEHYc	0.0	optimal	0.0	1000.0
Cstr_16.xml	objective	R_GLYPHEabcpp	0.0	optimal	0.0	0.0
Cstr_16.xml	objective	R_GLYPHEtex	0.0	optimal	0.0	0.0
Cstr_16.xml	objective	R_GLYPHEtr	0.0	optimal	0.0	0.0
Cstr_16.xml	objective	R_GLYSERabcpp	0.0	optimal	0.0	0.0
Cstr_16.xml	objective	R_GLYSERtex	0.0	optimal	0.0	0.0
Cstr_16.xml	objective	R_GLYTYRAP	0.0	optimal	0.0	0.0
Cstr_16.xml	objective	R_GLYTYRabc	0.0	optimal	0.0	0.0
Cstr_16.xml	objective	R_GLYabc	0.0	optimal	0.0	0.0
Cstr_16.xml	objective	R_GLYabcpp	0.0	optimal	0.0	0.0
Cstr_16.xml	objective	R_GLYt4	0.0	optimal	0.0	0.0
Cstr_16.xml	objective	R_GLYtpp	0.0	optimal	0.0	0.0
Cstr_16.xml	objective	R_GMPS2	0.0	optimal	0.0	0.0
Cstr_16.xml	objective	R_GND	0.0	optimal	0.0	0.0
Cstr_16.xml	objective	R_GNK	0.0	optimal	0.0	1000.0
Cstr_16.xml	objective	R_GNKr	0.0	optimal	-1000.0	0.0
Cstr_16.xml	objective	R_GNNUC	0.0	optimal	0.0	0.0
Cstr_16.xml	objective	R_GNP	0.0	optimal	0.0	0.0
Cstr_16.xml	objective	R_GOX	0.0	optimal	0.0	0.0
Cstr_16.xml	objective	R_GPDDA2	37.784163	optimal	0.0	37.784163
Cstr_16.xml	objective	R_GRTT	3.835536	optimal	3.835536	3.835536
Cstr_16.xml	objective	R_GRXR	1.035211	optimal	0.0	4.07563
Cstr_16.xml	objective	R_GTHOr	1.035211	optimal	-1000.0	504.07563
Cstr_16.xml	objective	R_GTHPi	0.0	optimal	0.0	500.0
Cstr_16.xml	objective	R_GTHRDHpp	0.0	optimal	0.0	0.0
Cstr_16.xml	objective	R_GTHRDabc2pp	0.0	optimal	0.0	0.0
Cstr_16.xml	objective	R_GTHRDabcpp	0.0	optimal	0.0	0.0
Cstr_16.xml	objective	R_GTHRDt2_1	0.0	optimal	0.0	0.0
Cstr_16.xml	objective	R_GTPCI	0.025634	optimal	0.025634	0.025634
Cstr_16.xml	objective	R_GTPCII	0.0	optimal	0.0	0.0
Cstr_16.xml	objective	R_GTPCII2	0.0	optimal	0.0	0.0
Cstr_16.xml	objective	R_GTPDPK	0.0	optimal	0.0	0.0
Cstr_16.xml	objective	R_GTPH1	0.0	optimal	0.0	0.0
Cstr_16.xml	objective	R_GTPHs	0.0	optimal	0.0	0.0
Cstr_16.xml	objective	R_GUAPRT	9.302687	optimal	9.302687	9.302687
Cstr_16.xml	objective	R_GUAt2r	9.302687	optimal	9.302687	9.302687
Cstr_16.xml	objective	R_H2CO3D	0.0	optimal	-1000.0	1000.0
Cstr_16.xml	objective	R_H2CO3D2	0.0	optimal	-1000.0	1000.0
Cstr_16.xml	objective	R_H2O2tex	100.34025	optimal	0.0	1000.0
Cstr_16.xml	objective	R_H2Ot	0.0	optimal	-1000.0	1000.0
Cstr_16.xml	objective	R_H2Otex	0.0	optimal	-1000.0	1000.0
Cstr_16.xml	objective	R_H2Otpp	100.34025	optimal	-1000.0	1000.0
Cstr_16.xml	objective	R_H2St1	3.531145	optimal	3.531145	3.531145
Cstr_16.xml	objective	R_HACD1	0.0	optimal	0.0	1000.0
Cstr_16.xml	objective	R_HACD10i	0.0	optimal	0.0	1000.0
Cstr_16.xml	objective	R_HACD11i	0.0	optimal	0.0	1000.0
Cstr_16.xml	objective	R_HACD12i	0.0	optimal	0.0	1000.0
Cstr_16.xml	objective	R_HACD13i	0.0	optimal	0.0	1000.0
Cstr_16.xml	objective	R_HACD14i	0.0	optimal	0.0	1000.0
Cstr_16.xml	objective	R_HACD15i	0.0	optimal	0.0	1000.0
Cstr_16.xml	objective	R_HACD16i	0.0	optimal	0.0	1000.0
Cstr_16.xml	objective	R_HACD17i	0.0	optimal	0.0	1000.0
Cstr_16.xml	objective	R_HACD18i	0.0	optimal	0.0	1000.0
Cstr_16.xml	objective	R_HACD19i	0.0	optimal	0.0	0.0
Cstr_16.xml	objective	R_HACD1i	0.0	optimal	0.0	1000.0
Cstr_16.xml	objective	R_HACD2	0.0	optimal	0.0	1000.0
Cstr_16.xml	objective	R_HACD21i	0.0	optimal	0.0	0.0
Cstr_16.xml	objective	R_HACD22i	0.0	optimal	0.0	0.0
Cstr_16.xml	objective	R_HACD23i	0.0	optimal	0.0	1000.0
Cstr_16.xml	objective	R_HACD26i	0.0	optimal	0.0	1000.0
Cstr_16.xml	objective	R_HACD2i	0.0	optimal	0.0	1000.0
Cstr_16.xml	objective	R_HACD3	0.0	optimal	0.0	1000.0
Cstr_16.xml	objective	R_HACD31i	0.0	optimal	0.0	1000.0
Cstr_16.xml	objective	R_HACD32i	0.0	optimal	0.0	1000.0
Cstr_16.xml	objective	R_HACD33i	0.0	optimal	0.0	1000.0
Cstr_16.xml	objective	R_HACD3i	0.0	optimal	0.0	1000.0
Cstr_16.xml	objective	R_HACD4	0.0	optimal	0.0	1000.0
Cstr_16.xml	objective	R_HACD4i	0.0	optimal	0.0	1000.0
Cstr_16.xml	objective	R_HACD5	0.0	optimal	0.0	1000.0
Cstr_16.xml	objective	R_HACD5i	0.0	optimal	0.0	1000.0
Cstr_16.xml	objective	R_HACD6	0.0	optimal	0.0	1000.0
Cstr_16.xml	objective	R_HACD6i	0.0	optimal	0.0	1000.0
Cstr_16.xml	objective	R_HACD7	0.0	optimal	0.0	1000.0
Cstr_16.xml	objective	R_HACD7i	0.0	optimal	0.0	1000.0
Cstr_16.xml	objective	R_HACD8	0.0	optimal	0.0	1000.0
Cstr_16.xml	objective	R_HACD8i	0.0	optimal	0.0	1000.0
Cstr_16.xml	objective	R_HACD9	0.0	optimal	0.0	0.0
Cstr_16.xml	objective	R_HACOADr	0.0	optimal	0.0	0.0
Cstr_16.xml	objective	R_HADPCOADH	0.0	optimal	0.0	1000.0
Cstr_16.xml	objective	R_HADPCOADH3	0.0	optimal	-1000.0	0.0
Cstr_16.xml	objective	R_HAT40tex	0.0	optimal	0.0	0.0
Cstr_16.xml	objective	R_HAT40tpp	0.0	optimal	0.0	0.0
Cstr_16.xml	objective	R_HATBH	0.0	optimal	0.0	0.0
Cstr_16.xml	objective	R_HBCHLR	0.0	optimal	0.0	0.0
Cstr_16.xml	objective	R_HBRCH	0.0	optimal	0.0	0.0
Cstr_16.xml	objective	R_HCINNMt2rpp	0.0	optimal	0.0	0.0
Cstr_16.xml	objective	R_HCINNMtex	0.0	optimal	0.0	0.0
Cstr_16.xml	objective	R_HCO3E	0.0	optimal	-1000.0	1000.0
Cstr_16.xml	objective	R_HCYSMT	0.0	optimal	0.0	0.0
Cstr_16.xml	objective	R_HDCAtexi	0.0	optimal	0.0	0.0
Cstr_16.xml	objective	R_HEMEOS	0.0	optimal	0.0	0.0
Cstr_16.xml	objective	R_HEX1	225.928617	optimal	225.928617	225.928617
Cstr_16.xml	objective	R_HEX7	0.0	optimal	0.0	0.0
Cstr_16.xml	objective	R_HG2abcpp	0.0	optimal	0.0	0.0
Cstr_16.xml	objective	R_HG2t3pp	0.0	optimal	0.0	0.0
Cstr_16.xml	objective	R_HG2tppi	0.0	optimal	0.0	0.0
Cstr_16.xml	objective	R_HHDDI	0.0	optimal	0.0	0.0
Cstr_16.xml	objective	R_HIBD	0.0	optimal	0.0	0.0
Cstr_16.xml	objective	R_HISDr	0.0	optimal	0.0	0.0
Cstr_16.xml	objective	R_HISGLYabcpp	0.0	optimal	0.0	0.0
Cstr_16.xml	objective	R_HISGLYtex	0.0	optimal	0.0	0.0
Cstr_16.xml	objective	R_HISHISabcpp	1.81504	optimal	1.81504	1.81504
Cstr_16.xml	objective	R_HISHIStex	1.81504	optimal	1.81504	1.81504
Cstr_16.xml	objective	R_HISTD	0.0	optimal	0.0	0.0
Cstr_16.xml	objective	R_HISTP	0.0	optimal	0.0	0.0
Cstr_16.xml	objective	R_HISabc	0.0	optimal	0.0	0.0
Cstr_16.xml	objective	R_HKNTDH	0.0	optimal	0.0	0.0
Cstr_16.xml	objective	R_HKtpp	0.0	optimal	0.0	0.0
Cstr_16.xml	objective	R_HMBS	0.0	optimal	0.0	0.0
Cstr_16.xml	objective	R_HMEDR	0.0	optimal	0.0	0.0
Cstr_16.xml	objective	R_HMEDS	0.0	optimal	0.0	0.0
Cstr_16.xml	objective	R_HMGL_2	0.0	optimal	0.0	0.0
Cstr_16.xml	objective	R_HMPK1	0.0	optimal	0.0	0.0
Cstr_16.xml	objective	R_HMPPtr	0.0	optimal	0.0	0.0
Cstr_16.xml	objective	R_HMR_9610	0.0	optimal	0.0	0.0
Cstr_16.xml	objective	R_HOMt2pp	0.0	optimal	0.0	0.0
Cstr_16.xml	objective	R_HOMtpp	0.0	optimal	0.0	0.0
Cstr_16.xml	objective	R_HOPNTAL	0.0	optimal	0.0	0.0
Cstr_16.xml	objective	R_HPA3MO	0.0	optimal	0.0	0.0
Cstr_16.xml	objective	R_HPACt2r	0.0	optimal	0.0	0.0
Cstr_16.xml	objective	R_HPPK	0.0	optimal	0.0	0.025634
Cstr_16.xml	objective	R_HPPK2	0.025634	optimal	0.0	0.025634
Cstr_16.xml	objective	R_HPROx	0.0	optimal	0.0	0.0
Cstr_16.xml	objective	R_HPYRI	-0.012817	optimal	-0.012817	-0.012817
Cstr_16.xml	objective	R_HPYRP	0.0	optimal	0.0	0.0
Cstr_16.xml	objective	R_HPYRRx	0.012817	optimal	0.0	0.012817
Cstr_16.xml	objective	R_HPYRRy	0.0	optimal	0.0	0.012817
Cstr_16.xml	objective	R_HSDy	0.0	optimal	0.0	0.0
Cstr_16.xml	objective	R_HSERTA	0.0	optimal	0.0	0.0
Cstr_16.xml	objective	R_HSK	0.0	optimal	0.0	0.0
Cstr_16.xml	objective	R_HSST	0.0	optimal	0.0	0.0
Cstr_16.xml	objective	R_HSTPT	0.0	optimal	0.0	0.0
Cstr_16.xml	objective	R_HVCD	0.0	optimal	0.0	0.0
Cstr_16.xml	objective	R_HXANt2r	7.828056	optimal	7.828056	7.828056
Cstr_16.xml	objective	R_HXAtex	0.0	optimal	0.0	0.0
Cstr_16.xml	objective	R_HXCT	0.0	optimal	0.0	0.0
Cstr_16.xml	objective	R_HXPRT	7.828056	optimal	7.828056	7.828056
Cstr_16.xml	objective	R_HYD2	0.0	optimal	0.0	1000.0
Cstr_16.xml	objective	R_HYPOE	0.0	optimal	0.0	0.0
Cstr_16.xml	objective	R_IBTMr	0.0	optimal	0.0	0.0
Cstr_16.xml	objective	R_ICDHyr	24.002559	optimal	0.0	24.002559
Cstr_16.xml	objective	R_ICHORS	0.003832	optimal	0.003832	0.003832
Cstr_16.xml	objective	R_IG3PS	0.0	optimal	0.0	0.0
Cstr_16.xml	objective	R_IGPDH	0.0	optimal	0.0	0.0
Cstr_16.xml	objective	R_IGPS	0.0	optimal	0.0	0.0
Cstr_16.xml	objective	R_ILETA	0.0	optimal	0.0	0.0
Cstr_16.xml	objective	R_ILEabc	0.0	optimal	0.0	0.0
Cstr_16.xml	objective	R_ILEabcpp	0.0	optimal	0.0	0.0
Cstr_16.xml	objective	R_ILEt2r	11.132211	optimal	11.132211	11.132211
Cstr_16.xml	objective	R_ILEtex	0.0	optimal	0.0	0.0
Cstr_16.xml	objective	R_IMPC	0.0	optimal	0.0	0.0
Cstr_16.xml	objective	R_IMPD	0.0	optimal	0.0	0.0
Cstr_16.xml	objective	R_IND3ACtex	0.0	optimal	0.0	0.0
Cstr_16.xml	objective	R_IND3ACtpp	0.0	optimal	0.0	0.0
Cstr_16.xml	objective	R_INDOLEt5	0.0	optimal	0.0	0.0
Cstr_16.xml	objective	R_INDPYRD	0.0	optimal	0.0	0.0
Cstr_16.xml	objective	R_INOST_Et	0.0	optimal	-1000.0	0.0
Cstr_16.xml	objective	R_INSH	0.0	optimal	0.0	0.0
Cstr_16.xml	objective	R_INSTabc	0.0	optimal	0.0	0.0
Cstr_16.xml	objective	R_INSTt2	0.0	optimal	0.0	1000.0
Cstr_16.xml	objective	R_IPDDI	0.0	optimal	-38.34386	3.835536
Cstr_16.xml	objective	R_IPDPS	38.34386	optimal	0.0	42.179396
Cstr_16.xml	objective	R_IPDPUDCT	3.831704	optimal	0.0	3.831704
Cstr_16.xml	objective	R_IPMD	0.0	optimal	0.0	0.0
Cstr_16.xml	objective	R_IPPMIa	0.0	optimal	0.0	0.0
Cstr_16.xml	objective	R_IPPMIb	0.0	optimal	0.0	0.0
Cstr_16.xml	objective	R_IPPS	0.0	optimal	0.0	0.0
Cstr_16.xml	objective	R_IVCS	0.0	optimal	0.0	0.0
Cstr_16.xml	objective	R_IZPN	0.0	optimal	0.0	0.0
Cstr_16.xml	objective	R_KARA1	-16.214315	optimal	-16.214315	-16.214315
Cstr_16.xml	objective	R_KARA2	0.0	optimal	0.0	0.0
Cstr_16.xml	objective	R_KAS13	0.0	optimal	0.0	0.0
Cstr_16.xml	objective	R_KAS17	0.0	optimal	0.0	0.0
Cstr_16.xml	objective	R_KAS2	0.0	optimal	0.0	0.0
Cstr_16.xml	objective	R_KAS7	0.0	optimal	0.0	0.0
Cstr_16.xml	objective	R_KAS8	0.0	optimal	0.0	0.0
Cstr_16.xml	objective	R_KAT19	0.0	optimal	0.0	0.0
Cstr_16.xml	objective	R_KAT21	0.0	optimal	0.0	0.0
Cstr_16.xml	objective	R_KGD2	0.0	optimal	0.0	0.0
Cstr_16.xml	objective	R_Kabc	0.0	optimal	0.0	0.0
Cstr_16.xml	objective	R_Kabcpp	0.0	optimal	0.0	0.0
Cstr_16.xml	objective	R_Kt2pp	0.0	optimal	0.0	0.0
Cstr_16.xml	objective	R_Kt2r	7.479218	optimal	7.479218	1000.0
Cstr_16.xml	objective	R_Kt3pp	0.0	optimal	0.0	0.0
Cstr_16.xml	objective	R_Kt3r	0.0	optimal	0.0	992.520782
Cstr_16.xml	objective	R_LACLt2	-867.567617	optimal	-1000.0	-867.567617
Cstr_16.xml	objective	R_LACZpp	0.0	optimal	0.0	0.0
Cstr_16.xml	objective	R_LALALGLUtex	0.0	optimal	0.0	0.0
Cstr_16.xml	objective	R_LALGP	0.0	optimal	0.0	0.0
Cstr_16.xml	objective	R_LCADi	0.0	optimal	0.0	0.0
Cstr_16.xml	objective	R_LCTSt	0.0	optimal	0.0	0.0
Cstr_16.xml	objective	R_LCTSt3ipp	0.0	optimal	0.0	0.0
Cstr_16.xml	objective	R_LCTStex	0.0	optimal	0.0	0.0
Cstr_16.xml	objective	R_LDH_D2	0.0	optimal	0.0	0.0
Cstr_16.xml	objective	R_LDH_L	-867.567617	optimal	-1000.0	-867.567617
Cstr_16.xml	objective	R_LEULEULAPc	0.0	optimal	0.0	0.0
Cstr_16.xml	objective	R_LEULEUabcpp	0.0	optimal	0.0	0.0
Cstr_16.xml	objective	R_LEULEUtex	0.0	optimal	0.0	0.0
Cstr_16.xml	objective	R_LEUTA	0.0	optimal	0.0	1000.0
Cstr_16.xml	objective	R_LEUTAi	0.0	optimal	0.0	1000.0
Cstr_16.xml	objective	R_LEUabc	0.0	optimal	0.0	0.0
Cstr_16.xml	objective	R_LEUabcpp	0.0	optimal	0.0	0.0
Cstr_16.xml	objective	R_LEUt2r	17.263014	optimal	17.263014	17.263014
Cstr_16.xml	objective	R_LEUt4rpp	0.0	optimal	0.0	0.0
Cstr_16.xml	objective	R_LIPAMPL	0.0	optimal	0.0	0.0
Cstr_16.xml	objective	R_LIPATPT_2	0.0	optimal	0.0	0.0
Cstr_16.xml	objective	R_LIPOPBt	0.0	optimal	0.0	0.0
Cstr_16.xml	objective	R_LSERDHr	0.0	optimal	0.0	0.0
Cstr_16.xml	objective	R_LTDCL	0.0	optimal	0.0	0.0
Cstr_16.xml	objective	R_LTHRK	0.0	optimal	0.0	0.0
Cstr_16.xml	objective	R_LYSDC	0.0	optimal	0.0	0.0
Cstr_16.xml	objective	R_LYSGLUGLYtr	0.0	optimal	0.0	0.0
Cstr_16.xml	objective	R_LYSabc	0.0	optimal	0.0	0.0
Cstr_16.xml	objective	R_LYSabcpp	0.0	optimal	0.0	0.0
Cstr_16.xml	objective	R_LYSt3r	0.0	optimal	0.0	986.851087
Cstr_16.xml	objective	R_LYSt5r	13.148913	optimal	13.148913	1000.0
Cstr_16.xml	objective	R_LYStex	0.0	optimal	0.0	0.0
Cstr_16.xml	objective	R_L_LACD	0.0	optimal	0.0	132.432383
Cstr_16.xml	objective	R_L_LACD2	0.0	optimal	0.0	132.432383
Cstr_16.xml	objective	R_L_LACD3	0.0	optimal	0.0	132.432383
Cstr_16.xml	objective	R_L_LACD3_1	0.0	optimal	0.0	132.432383
Cstr_16.xml	objective	R_L_LACt2r	0.0	optimal	0.0	132.432383
Cstr_16.xml	objective	R_L_LACt2rpp	0.0	optimal	0.0	0.0
Cstr_16.xml	objective	R_L_LACtex	0.0	optimal	0.0	0.0
Cstr_16.xml	objective	R_M1PD	0.0	optimal	0.0	0.0
Cstr_16.xml	objective	R_MACCOAT	0.0	optimal	0.0	0.0
Cstr_16.xml	objective	R_MAGLIPA160ex	0.0	optimal	0.0	1000.0
Cstr_16.xml	objective	R_MAGLIPA180ex	0.0	optimal	0.0	1000.0
Cstr_16.xml	objective	R_MAGLIPA181d9ex	0.0	optimal	0.0	1000.0
Cstr_16.xml	objective	R_MAGLIPA182d9d12ex	0.0	optimal	0.0	1000.0
Cstr_16.xml	objective	R_MALTHPabc	75.309539	optimal	75.309539	75.309539
Cstr_16.xml	objective	R_MALTabc	0.0	optimal	0.0	0.0
Cstr_16.xml	objective	R_MALt2_3pp	0.0	optimal	0.0	0.0
Cstr_16.xml	objective	R_MALt2r	0.0	optimal	0.0	0.0
Cstr_16.xml	objective	R_MALt4	0.0	optimal	0.0	0.0
Cstr_16.xml	objective	R_MALt5	0.0	optimal	0.0	0.0
Cstr_16.xml	objective	R_MAN1PT	0.0	optimal	0.0	0.0
Cstr_16.xml	objective	R_MAN1PT2	0.0	optimal	0.0	0.0
Cstr_16.xml	objective	R_MAN6PI	0.0	optimal	0.0	0.0
Cstr_16.xml	objective	R_MANE	0.0	optimal	0.0	0.0
Cstr_16.xml	objective	R_MANpts	0.0	optimal	0.0	0.0
Cstr_16.xml	objective	R_MBCOAi	0.0	optimal	0.0	0.0
Cstr_16.xml	objective	R_MCBTS3	0.0	optimal	0.0	0.0
Cstr_16.xml	objective	R_MCD	0.0	optimal	0.0	0.0
Cstr_16.xml	objective	R_MCITD	0.0	optimal	0.0	0.0
Cstr_16.xml	objective	R_MCITL2	0.0	optimal	0.0	0.0
Cstr_16.xml	objective	R_MCITS	0.0	optimal	0.0	0.0
Cstr_16.xml	objective	R_MCSNAH	0.0	optimal	0.0	0.0
Cstr_16.xml	objective	R_MCSNtex	0.0	optimal	0.0	0.0
Cstr_16.xml	objective	R_MCSNtpp	0.0	optimal	0.0	0.0
Cstr_16.xml	objective	R_MCTC_1	0.0	optimal	0.0	0.0
Cstr_16.xml	objective	R_MCTP1App	0.0	optimal	0.0	0.0
Cstr_16.xml	objective	R_MCTP1Bpp	0.0	optimal	0.0	0.0
Cstr_16.xml	objective	R_MCTP2App	0.0	optimal	0.0	0.0
Cstr_16.xml	objective	R_MDDCP2pp	0.0	optimal	0.0	0.0
Cstr_16.xml	objective	R_MDDEP1pp	0.0	optimal	0.0	0.0
Cstr_16.xml	objective	R_MDDEP2pp	0.0	optimal	0.0	0.0
Cstr_16.xml	objective	R_MDDEP4pp	0.0	optimal	0.0	0.0
Cstr_16.xml	objective	R_MDH	0.0	optimal	-998.238202	982.393761
Cstr_16.xml	objective	R_MDH2	0.0	optimal	0.0	999.912714
Cstr_16.xml	objective	R_MDH3	44.986119	optimal	0.0	1000.0
Cstr_16.xml	objective	R_MDH3_1	0.0	optimal	0.0	999.912714
Cstr_16.xml	objective	R_MECDPDH_syn	42.179396	optimal	42.179396	42.179396
Cstr_16.xml	objective	R_MECDPS	42.179396	optimal	42.179396	42.179396
Cstr_16.xml	objective	R_MELIBt3ipp	0.0	optimal	0.0	0.0
Cstr_16.xml	objective	R_MELIBtex	0.0	optimal	0.0	0.0
Cstr_16.xml	objective	R_MEPCT	42.179396	optimal	42.179396	42.179396
Cstr_16.xml	objective	R_METAT	0.012376	optimal	0.012376	0.012376
Cstr_16.xml	objective	R_METDabc	0.0	optimal	0.0	5.897337
Cstr_16.xml	objective	R_METS	0.003832	optimal	0.003832	0.003832
Cstr_16.xml	objective	R_METSOX1abc	0.0	optimal	0.0	5.897337
Cstr_16.xml	objective	R_METSOX2abc	0.0	optimal	0.0	5.897337
Cstr_16.xml	objective	R_METSOXR1	0.0	optimal	0.0	5.897337
Cstr_16.xml	objective	R_METSOXR2	0.0	optimal	0.0	5.897337
Cstr_16.xml	objective	R_METabc	5.897337	optimal	0.0	5.897337
Cstr_16.xml	objective	R_METabcpp	0.0	optimal	0.0	5.897337
Cstr_16.xml	objective	R_METtex	0.0	optimal	0.0	5.897337
Cstr_16.xml	objective	R_MFUMt8	0.0	optimal	0.0	0.0
Cstr_16.xml	objective	R_MGCH	0.0	optimal	0.0	0.0
Cstr_16.xml	objective	R_MGSA	0.0	optimal	0.0	0.0
Cstr_16.xml	objective	R_MGt5	-0.3324	optimal	-0.3324	-0.3324
Cstr_16.xml	objective	R_MHPGLUT	0.0	optimal	0.0	1000.0
Cstr_16.xml	objective	R_MI1PP	0.0	optimal	0.0	0.0
Cstr_16.xml	objective	R_MI1PS	0.0	optimal	0.0	0.0
Cstr_16.xml	objective	R_MICITDr	0.0	optimal	0.0	0.0
Cstr_16.xml	objective	R_MLDCP1App	0.0	optimal	0.0	0.0
Cstr_16.xml	objective	R_MLDCP3App	0.0	optimal	0.0	0.0
Cstr_16.xml	objective	R_MLDEP1pp	0.0	optimal	0.0	0.0
Cstr_16.xml	objective	R_MLTG1	75.309539	optimal	75.309539	75.309539
Cstr_16.xml	objective	R_MLTG2	75.309539	optimal	75.309539	75.309539
Cstr_16.xml	objective	R_MLTGY1pp	0.0	optimal	0.0	0.0
Cstr_16.xml	objective	R_MLTGY2pp	0.0	optimal	0.0	0.0
Cstr_16.xml	objective	R_MLTGY3pp	0.0	optimal	0.0	0.0
Cstr_16.xml	objective	R_MLTGY4pp	0.0	optimal	0.0	0.0
Cstr_16.xml	objective	R_MLTP1	150.619078	optimal	75.309539	150.619078
Cstr_16.xml	objective	R_MLTP2	75.309539	optimal	75.309539	150.619078
Cstr_16.xml	objective	R_MLTP3	75.309539	optimal	75.309539	150.619078
Cstr_16.xml	objective	R_MMCD	0.0	optimal	0.0	0.0
Cstr_16.xml	objective	R_MMSAD1	0.0	optimal	0.0	0.0
Cstr_16.xml	objective	R_MMSDHir	0.0	optimal	0.0	0.0
Cstr_16.xml	objective	R_MN2t3pp	0.0	optimal	0.0	0.0
Cstr_16.xml	objective	R_MN6PP	0.0	optimal	0.0	0.0
Cstr_16.xml	objective	R_MNLpts	0.0	optimal	0.0	0.0
Cstr_16.xml	objective	R_MNabc	0.026477	optimal	0.026477	0.026477
Cstr_16.xml	objective	R_MNabc_1	0.0	optimal	0.0	0.0
Cstr_16.xml	objective	R_MNabc_rev	0.0	optimal	0.0	0.0
Cstr_16.xml	objective	R_MNt2pp	0.0	optimal	0.0	0.0
Cstr_16.xml	objective	R_MOBDabc	0.0	optimal	0.0	0.0
Cstr_16.xml	objective	R_MOBDabc_rev	0.0	optimal	0.0	0.0
Cstr_16.xml	objective	R_MOHMT	0.0	optimal	0.0	0.0
Cstr_16.xml	objective	R_MPTG	0.0	optimal	0.0	0.0
Cstr_16.xml	objective	R_MPTG2	0.0	optimal	0.0	0.0
Cstr_16.xml	objective	R_MSHAMID	0.0	optimal	0.0	0.0
Cstr_16.xml	objective	R_MSHS	0.0	optimal	0.0	0.0
Cstr_16.xml	objective	R_MS_1	0.0	optimal	-1000.0	0.0
Cstr_16.xml	objective	R_MTAM_1	0.0	optimal	-1000.0	0.0
Cstr_16.xml	objective	R_MTHFC	0.008545	optimal	0.008545	1000.0
Cstr_16.xml	objective	R_MTHFD	0.008545	optimal	0.008545	0.008545
Cstr_16.xml	objective	R_MTHFR2	0.0	optimal	0.0	0.003832
Cstr_16.xml	objective	R_MTHFR3	0.003832	optimal	0.0	0.003832
Cstr_16.xml	objective	R_MTHTHFSs	0.003832	optimal	0.0	0.003832
Cstr_16.xml	objective	R_MTI	0.0	optimal	0.0	0.0
Cstr_16.xml	objective	R_MYCTR	0.0	optimal	-1000.0	0.0
Cstr_16.xml	objective	R_MYCTR2	0.0	optimal	0.0	1000.0
Cstr_16.xml	objective	R_Mn2t	0.0	optimal	0.0	0.0
Cstr_16.xml	objective	R_NABTNO	0.0	optimal	0.0	0.0
Cstr_16.xml	objective	R_NACGS	0.0	optimal	0.0	0.0
Cstr_16.xml	objective	R_NADDP	0.0	optimal	0.0	0.0
Cstr_16.xml	objective	R_NADH5	0.0	optimal	0.0	999.912714
Cstr_16.xml	objective	R_NADHHR	0.0	optimal	0.0	0.0
Cstr_16.xml	objective	R_NADHPO	0.087286	optimal	0.0	500.0
Cstr_16.xml	objective	R_NADHXD	0.0	optimal	0.0	0.0
Cstr_16.xml	objective	R_NADHXE	0.0	optimal	0.0	0.0
Cstr_16.xml	objective	R_NADK	0.017128	optimal	0.017128	0.017128
Cstr_16.xml	objective	R_NADN	0.0	optimal	0.0	0.0
Cstr_16.xml	objective	R_NADPHHR	0.0	optimal	0.0	0.0
Cstr_16.xml	objective	R_NADPHQR2	0.0	optimal	0.0	999.912714
Cstr_16.xml	objective	R_NADPHXD	0.0	optimal	0.0	0.0
Cstr_16.xml	objective	R_NADPHXE	0.0	optimal	0.0	0.0
Cstr_16.xml	objective	R_NADS1	0.087286	optimal	0.087286	0.087286
Cstr_16.xml	objective	R_NAPRT	0.0	optimal	0.0	0.0
Cstr_16.xml	objective	R_NARK	37.784163	optimal	0.0	1000.0
Cstr_16.xml	objective	R_NAabc	0.0	optimal	0.0	0.0
Cstr_16.xml	objective	R_NAabcO	0.0	optimal	0.0	0.0
Cstr_16.xml	objective	R_NAt	54.338857	optimal	0.0	1000.0
Cstr_16.xml	objective	R_NAt3_1	0.0	optimal	0.0	1000.0
Cstr_16.xml	objective	R_NAt3_2	54.139417	optimal	0.0	1000.0
Cstr_16.xml	objective	R_NDPK1	17.130743	optimal	16.095532	17.388042
Cstr_16.xml	objective	R_NDPK2	20.338492	optimal	19.335889	20.338492
Cstr_16.xml	objective	R_NDPK3	41.144184	optimal	41.144184	42.179396
Cstr_16.xml	objective	R_NDPK4	1.002604	optimal	1.002604	1.002604
Cstr_16.xml	objective	R_NDPK5	0.0	optimal	0.0	1.035211
Cstr_16.xml	objective	R_NDPK6	0.0	optimal	0.0	1.002604
Cstr_16.xml	objective	R_NDPK7	1.035211	optimal	0.0	1.035211
Cstr_16.xml	objective	R_NDPK8	0.0	optimal	0.0	1.002604
Cstr_16.xml	objective	R_NH3c	0.0	optimal	0.0	0.0
Cstr_16.xml	objective	R_NH4t	-1000.0	optimal	-1000.0	0.0
Cstr_16.xml	objective	R_NH4tex	0.0	optimal	-1000.0	0.0
Cstr_16.xml	objective	R_NH4tpp	0.0	optimal	-1000.0	0.0
Cstr_16.xml	objective	R_NI2abcpp	0.0	optimal	0.0	0.0
Cstr_16.xml	objective	R_NI2t3pp	0.0	optimal	0.0	0.0
Cstr_16.xml	objective	R_NI2t4pp	0.0	optimal	0.0	0.0
Cstr_16.xml	objective	R_NI2tex	0.0	optimal	0.0	0.0
Cstr_16.xml	objective	R_NI2uabcpp	0.0	optimal	0.0	0.0
Cstr_16.xml	objective	R_NIabc	0.0	optimal	0.0	0.0
Cstr_16.xml	objective	R_NMNAT	0.0	optimal	0.0	0.0
Cstr_16.xml	objective	R_NMNDA	0.0	optimal	0.0	0.0
Cstr_16.xml	objective	R_NMO	37.784163	optimal	0.0	37.784163
Cstr_16.xml	objective	R_NNAM	0.0	optimal	0.0	0.0
Cstr_16.xml	objective	R_NNATr	0.087286	optimal	0.087286	0.087286
Cstr_16.xml	objective	R_NNDPR	0.087286	optimal	0.087286	0.087286
Cstr_16.xml	objective	R_NO2t2r	0.0	optimal	0.0	1000.0
Cstr_16.xml	objective	R_NO2t2rpp	0.0	optimal	0.0	0.0
Cstr_16.xml	objective	R_NO3R1	0.0	optimal	0.0	0.0
Cstr_16.xml	objective	R_NO3R2	0.0	optimal	0.0	0.0
Cstr_16.xml	objective	R_NO3t7pp	0.0	optimal	0.0	0.0
Cstr_16.xml	objective	R_NO3tex	0.0	optimal	0.0	0.0
Cstr_16.xml	objective	R_NOX	0.0	optimal	0.0	999.912714
Cstr_16.xml	objective	R_NP1	0.0	optimal	0.0	1000.0
Cstr_16.xml	objective	R_NP1_1	0.0	optimal	0.0	1000.0
Cstr_16.xml	objective	R_NPHS	0.003832	optimal	0.003832	0.003832
Cstr_16.xml	objective	R_NTD1	0.0	optimal	0.0	0.0
Cstr_16.xml	objective	R_NTD2	0.0	optimal	0.0	0.0
Cstr_16.xml	objective	R_NTD4	0.0	optimal	0.0	0.0
Cstr_16.xml	objective	R_NTD5	0.0	optimal	0.0	0.0
Cstr_16.xml	objective	R_NTD7	0.0	optimal	0.0	0.0
Cstr_16.xml	objective	R_NTD9	0.0	optimal	0.0	0.0
Cstr_16.xml	objective	R_NTP1	0.0	optimal	0.0	0.0
Cstr_16.xml	objective	R_NTP10	0.0	optimal	0.0	0.0
Cstr_16.xml	objective	R_NTP3	0.0	optimal	0.0	0.0
Cstr_16.xml	objective	R_NTP5	0.0	optimal	0.0	0.0
Cstr_16.xml	objective	R_NTPP1	0.0	optimal	0.0	0.0
Cstr_16.xml	objective	R_NTPP11	0.0	optimal	0.0	0.0
Cstr_16.xml	objective	R_NTPP2	0.0	optimal	0.0	0.0
Cstr_16.xml	objective	R_NTPP3	0.0	optimal	0.0	0.0
Cstr_16.xml	objective	R_NTPP4	0.0	optimal	0.0	0.0
Cstr_16.xml	objective	R_NTPP5	0.0	optimal	0.0	0.0
Cstr_16.xml	objective	R_NTPP6	0.0	optimal	0.0	0.0
Cstr_16.xml	objective	R_NTPP7	0.0	optimal	0.0	0.0
Cstr_16.xml	objective	R_NTPP8	0.0	optimal	0.0	0.0
Cstr_16.xml	objective	R_NTPP9	0.0	optimal	0.0	0.0
Cstr_16.xml	objective	R_NTPTP1	0.0	optimal	0.0	0.0
Cstr_16.xml	objective	R_NTPTP2	0.0	optimal	0.0	0.0
Cstr_16.xml	objective	R_NTRIR3pp	0.0	optimal	0.0	0.0
Cstr_16.xml	objective	R_NTRIR4pp	0.0	optimal	0.0	0.0
Cstr_16.xml	objective	R_O2tex	487.701325	optimal	0.043643	1000.0
Cstr_16.xml	objective	R_O2tpp	537.87145	optimal	500.043643	1000.0
Cstr_16.xml	objective	R_OAADCS	0.0	optimal	0.0	0.0
Cstr_16.xml	objective	R_OBTFL	0.0	optimal	0.0	0.0
Cstr_16.xml	objective	R_OCBT	-545.074009	optimal	-1000.0	1000.0
Cstr_16.xml	objective	R_OCBT2i	0.0	optimal	0.0	1000.0
Cstr_16.xml	objective	R_OCBT_2	0.0	optimal	-1000.0	1000.0
Cstr_16.xml	objective	R_OCTAtex	0.0	optimal	0.0	0.0
Cstr_16.xml	objective	R_OCTDPS	0.003832	optimal	0.003832	0.003832
Cstr_16.xml	objective	R_OHEDH	0.0	optimal	0.0	0.0
Cstr_16.xml	objective	R_OIVD1r	0.0	optimal	0.0	0.0
Cstr_16.xml	objective	R_OIVD3	0.0	optimal	0.0	0.0
Cstr_16.xml	objective	R_OMCDC	0.0	optimal	0.0	0.0
Cstr_16.xml	objective	R_OMPDC	0.0	optimal	0.0	0.0
Cstr_16.xml	objective	R_OP4ENH	0.0	optimal	0.0	0.0
Cstr_16.xml	objective	R_OPETDC	0.0	optimal	0.0	0.0
Cstr_16.xml	objective	R_OPTCCL	0.0	optimal	0.0	0.0
Cstr_16.xml	objective	R_ORN5O	0.0	optimal	0.0	0.0
Cstr_16.xml	objective	R_ORNCD_1	0.0	optimal	0.0	0.0
Cstr_16.xml	objective	R_ORNDC	0.0	optimal	0.0	0.0
Cstr_16.xml	objective	R_ORNR	0.0	optimal	0.0	0.0
Cstr_16.xml	objective	R_ORNTAC	0.0	optimal	0.0	0.0
Cstr_16.xml	objective	R_ORNabcpp	0.0	optimal	0.0	0.0
Cstr_16.xml	objective	R_ORNt	0.0	optimal	-1000.0	1000.0
Cstr_16.xml	objective	R_ORPT	0.0	optimal	0.0	0.0
Cstr_16.xml	objective	R_OXCOAHDH	0.0	optimal	0.0	0.0
Cstr_16.xml	objective	R_OXDHCOAT	0.0	optimal	0.0	0.0
Cstr_16.xml	objective	R_OXGDC	0.0	optimal	0.0	0.0
Cstr_16.xml	objective	R_OXPTNDH	0.0	optimal	0.0	0.0
Cstr_16.xml	objective	R_P5CD	0.0	optimal	0.0	24.002559
Cstr_16.xml	objective	R_P5CR	0.0	optimal	0.0	1000.0
Cstr_16.xml	objective	R_P5CRx	517.990511	optimal	0.0	1000.0
Cstr_16.xml	objective	R_PA161abcpp	0.0	optimal	0.0	0.0
Cstr_16.xml	objective	R_PACALDtex	0.0	optimal	0.0	0.0
Cstr_16.xml	objective	R_PACALtabcpp	0.0	optimal	0.0	0.0
Cstr_16.xml	objective	R_PACCOAE	0.0	optimal	0.0	0.0
Cstr_16.xml	objective	R_PACCOAL	0.0	optimal	0.0	0.0
Cstr_16.xml	objective	R_PACOAT	0.0	optimal	0.0	0.0
Cstr_16.xml	objective	R_PANTS	0.0	optimal	0.0	0.0
Cstr_16.xml	objective	R_PAPA161pp	0.0	optimal	0.0	0.0
Cstr_16.xml	objective	R_PAPPT3	3.831704	optimal	3.831704	3.831704
Cstr_16.xml	objective	R_PAPSR	0.0	optimal	0.0	0.0
Cstr_16.xml	objective	R_PC	0.0	optimal	0.0	0.0
Cstr_16.xml	objective	R_PCNO	0.0	optimal	0.0	0.0
Cstr_16.xml	objective	R_PDBL_3	0.0	optimal	0.0	1000.0
Cstr_16.xml	objective	R_PDBL_4	0.008545	optimal	0.0	980.071551
Cstr_16.xml	objective	R_PDC	-16.214315	optimal	-16.214315	-16.214315
Cstr_16.xml	objective	R_PDE1	0.0	optimal	0.0	0.0
Cstr_16.xml	objective	R_PDH	0.0	optimal	0.0	0.0
Cstr_16.xml	objective	R_PDHa	0.0	optimal	0.0	0.0
Cstr_16.xml	objective	R_PDHbr	0.0	optimal	0.0	0.0
Cstr_16.xml	objective	R_PDHcr	0.0	optimal	0.0	0.0
Cstr_16.xml	objective	R_PDX5PO2	0.0	optimal	0.0	0.0
Cstr_16.xml	objective	R_PE120abcpp	0.0	optimal	0.0	0.0
Cstr_16.xml	objective	R_PE141abcpp	0.0	optimal	0.0	0.0
Cstr_16.xml	objective	R_PE161abcpp	0.0	optimal	0.0	0.0
Cstr_16.xml	objective	R_PEAMNO	0.0	optimal	0.0	0.0
Cstr_16.xml	objective	R_PEAMNtex	0.0	optimal	0.0	0.0
Cstr_16.xml	objective	R_PEAtabcpp	0.0	optimal	0.0	0.0
Cstr_16.xml	objective	R_PEPCK_re	0.0	optimal	0.0	0.0
Cstr_16.xml	objective	R_PFK	507.22978	optimal	507.22978	507.22978
Cstr_16.xml	objective	R_PFL	31.665967	optimal	0.0	31.665967
Cstr_16.xml	objective	R_PG120abcpp	0.0	optimal	0.0	0.0
Cstr_16.xml	objective	R_PG140abcpp	0.0	optimal	0.0	0.0
Cstr_16.xml	objective	R_PG141abcpp	0.0	optimal	0.0	0.0
Cstr_16.xml	objective	R_PG161abcpp	0.0	optimal	0.0	0.0
Cstr_16.xml	objective	R_PG180abcpp	0.0	optimal	0.0	0.0
Cstr_16.xml	objective	R_PG181abcpp	0.0	optimal	0.0	0.0
Cstr_16.xml	objective	R_PGAMT	-7.663408	optimal	-7.663408	0.0
Cstr_16.xml	objective	R_PGCD	0.012817	optimal	0.012817	0.012817
Cstr_16.xml	objective	R_PGI	527.166774	optimal	527.166774	527.166774
Cstr_16.xml	objective	R_PGK	-1000.0	optimal	-1000.0	-1000.0
Cstr_16.xml	objective	R_PGL	0.0	optimal	0.0	0.0
Cstr_16.xml	objective	R_PGM	-999.987183	optimal	-1000.0	-999.987183
Cstr_16.xml	objective	R_PGMT	301.238156	optimal	301.238156	301.238156
Cstr_16.xml	objective	R_PHACOAOR	0.0	optimal	0.0	0.0
Cstr_16.xml	objective	R_PHCD	0.0	optimal	0.0	1000.0
Cstr_16.xml	objective	R_PHCHGS	0.0	optimal	-1000.0	0.0
Cstr_16.xml	objective	R_PHEME2abcpp	0.0	optimal	0.0	0.0
Cstr_16.xml	objective	R_PHEMEt	0.0	optimal	0.0	0.0
Cstr_16.xml	objective	R_PHEMEtonex	0.0	optimal	0.0	0.0
Cstr_16.xml	objective	R_PHER	0.0	optimal	0.0	937.407643
Cstr_16.xml	objective	R_PHET	0.0	optimal	0.0	937.407643
Cstr_16.xml	objective	R_PHETA1	0.0	optimal	-937.407643	0.0
Cstr_16.xml	objective	R_PHEabc	7.098806	optimal	7.098806	7.098806
Cstr_16.xml	objective	R_PIabc	0.0	optimal	0.0	0.0
Cstr_16.xml	objective	R_PIt2rpp	0.0	optimal	0.0	0.0
Cstr_16.xml	objective	R_PLIPA1E120pp	0.0	optimal	0.0	0.0
Cstr_16.xml	objective	R_PLIPA1E141pp	0.0	optimal	0.0	0.0
Cstr_16.xml	objective	R_PLIPA1E161pp	0.0	optimal	0.0	0.0
Cstr_16.xml	objective	R_PLIPA1G120pp	0.0	optimal	0.0	0.0
Cstr_16.xml	objective	R_PLIPA1G140pp	0.0	optimal	0.0	0.0
Cstr_16.xml	objective	R_PLIPA1G141pp	0.0	optimal	0.0	0.0
Cstr_16.xml	objective	R_PLIPA1G161pp	0.0	optimal	0.0	0.0
Cstr_16.xml	objective	R_PLIPA1G180pp	0.0	optimal	0.0	0.0
Cstr_16.xml	objective	R_PLIPA1G181pp	0.0	optimal	0.0	0.0
Cstr_16.xml	objective	R_PLPS	0.0	optimal	0.0	980.071551
Cstr_16.xml	objective	R_PMANM	0.0	optimal	0.0	0.0
Cstr_16.xml	objective	R_PMDPHT	0.0	optimal	0.0	0.0
Cstr_16.xml	objective	R_PMPK	0.0	optimal	0.0	0.0
Cstr_16.xml	objective	R_PNCDC	0.0	optimal	0.0	1000.0
Cstr_16.xml	objective	R_PNCDC_1	0.0	optimal	-1000.0	0.0
Cstr_16.xml	objective	R_PNP_1	0.0	optimal	0.0	0.0
Cstr_16.xml	objective	R_PNTK	0.022071	optimal	0.022071	0.022071
Cstr_16.xml	objective	R_PNTOt2	0.022071	optimal	0.022071	0.022071
Cstr_16.xml	objective	R_POX	0.0	optimal	0.0	0.0
Cstr_16.xml	objective	R_PPA	149.038451	optimal	149.038451	149.038451
Cstr_16.xml	objective	R_PPA2	0.0	optimal	0.0	0.0
Cstr_16.xml	objective	R_PPAKr	0.0	optimal	0.0	0.0
Cstr_16.xml	objective	R_PPAt2pp	0.0	optimal	0.0	0.0
Cstr_16.xml	objective	R_PPAt4pp	0.0	optimal	0.0	0.0
Cstr_16.xml	objective	R_PPAtex	0.0	optimal	0.0	0.0
Cstr_16.xml	objective	R_PPBNGS	0.0	optimal	0.0	0.0
Cstr_16.xml	objective	R_PPC	0.0	optimal	0.0	0.0
Cstr_16.xml	objective	R_PPCDC	0.022071	optimal	0.022071	0.022071
Cstr_16.xml	objective	R_PPCOAC	0.0	optimal	0.0	0.0
Cstr_16.xml	objective	R_PPGPPDP	0.0	optimal	0.0	0.0
Cstr_16.xml	objective	R_PPK	0.0	optimal	0.0	0.0
Cstr_16.xml	objective	R_PPK2	0.0	optimal	0.0	1000.0
Cstr_16.xml	objective	R_PPNCL3	0.022071	optimal	0.022071	0.022071
Cstr_16.xml	objective	R_PPND	0.0	optimal	0.0	0.0
Cstr_16.xml	objective	R_PPNDH	0.0	optimal	0.0	0.0
Cstr_16.xml	objective	R_PPPGO	0.0	optimal	0.0	0.0
Cstr_16.xml	objective	R_PPRDNDH	0.0	optimal	0.0	0.0
Cstr_16.xml	objective	R_PRAGSr	0.0	optimal	0.0	0.0
Cstr_16.xml	objective	R_PRAIS	0.0	optimal	0.0	0.0
Cstr_16.xml	objective	R_PRAIi	0.0	optimal	0.0	0.0
Cstr_16.xml	objective	R_PRAMPC	0.0	optimal	0.0	0.0
Cstr_16.xml	objective	R_PRASCSi	0.0	optimal	0.0	0.0
Cstr_16.xml	objective	R_PRATPP	0.0	optimal	0.0	0.0
Cstr_16.xml	objective	R_PRFGS	0.0	optimal	0.0	0.0
Cstr_16.xml	objective	R_PRMICI	0.0	optimal	0.0	0.0
Cstr_16.xml	objective	R_PROD2	517.990511	optimal	0.0	1000.0
Cstr_16.xml	objective	R_PROGLYabcpp	0.0	optimal	0.0	0.0
Cstr_16.xml	objective	R_PROGLYtex	0.0	optimal	0.0	0.0
Cstr_16.xml	objective	R_PROHISGLUtr	0.0	optimal	0.0	0.0
Cstr_16.xml	objective	R_PROR	0.0	optimal	0.0	1000.0
Cstr_16.xml	objective	R_PROabc	0.0	optimal	0.0	0.0
Cstr_16.xml	objective	R_PROabcpp	0.0	optimal	0.0	0.0
Cstr_16.xml	objective	R_PROt2r	8.470173	optimal	0.0	32.472732
Cstr_16.xml	objective	R_PROt4	0.0	optimal	0.0	32.472732
Cstr_16.xml	objective	R_PROt4pp	0.0	optimal	0.0	0.0
Cstr_16.xml	objective	R_PROtex	0.0	optimal	0.0	0.0
Cstr_16.xml	objective	R_PRPPS	29.896946	optimal	29.896946	29.896946
Cstr_16.xml	objective	R_PSCVT	0.003832	optimal	0.003832	0.003832
Cstr_16.xml	objective	R_PSERT	0.012817	optimal	0.012817	0.012817
Cstr_16.xml	objective	R_PSP_L	0.012817	optimal	0.012817	0.012817
Cstr_16.xml	objective	R_PSUDS	0.0	optimal	0.0	1000.0
Cstr_16.xml	objective	R_PTA2	0.0	optimal	0.0	0.0
Cstr_16.xml	objective	R_PTAr	0.0	optimal	-990.6762	1000.0
Cstr_16.xml	objective	R_PTHRP	0.0	optimal	0.0	0.0
Cstr_16.xml	objective	R_PTPATi	0.022071	optimal	0.022071	0.022071
Cstr_16.xml	objective	R_PTRCAT1	0.0	optimal	0.0	0.0
Cstr_16.xml	objective	R_PTRCabc	0.0	optimal	0.0	0.0
Cstr_16.xml	objective	R_PTRCabcpp	0.0	optimal	0.0	0.0
Cstr_16.xml	objective	R_PTRCt2pp	0.0	optimal	0.0	0.0
Cstr_16.xml	objective	R_PTRCtex	0.0	optimal	0.0	0.0
Cstr_16.xml	objective	R_PUNP1_1	0.0	optimal	0.0	0.0
Cstr_16.xml	objective	R_PUNP2_1	0.0	optimal	0.0	0.0
Cstr_16.xml	objective	R_PUNP3_1	0.0	optimal	0.0	0.0
Cstr_16.xml	objective	R_PUNP4_1	0.0	optimal	0.0	0.0
Cstr_16.xml	objective	R_PUNP5_1	0.0	optimal	0.0	0.0
Cstr_16.xml	objective	R_PUNP6_1	0.0	optimal	0.0	0.0
Cstr_16.xml	objective	R_PUNP7_1	0.0	optimal	0.0	0.0
Cstr_16.xml	objective	R_PUTA3	0.0	optimal	0.0	0.0
Cstr_16.xml	objective	R_PYDAMK	0.0	optimal	0.0	0.0
Cstr_16.xml	objective	R_PYDXK	0.0	optimal	0.0	0.0
Cstr_16.xml	objective	R_PYDXNK	0.0	optimal	0.0	0.0
Cstr_16.xml	objective	R_PYDXOR	0.0	optimal	0.0	0.0
Cstr_16.xml	objective	R_PYDXPP	0.0	optimal	0.0	0.0
Cstr_16.xml	objective	R_PYDXS	0.0	optimal	-1000.0	0.008545
Cstr_16.xml	objective	R_PYK	988.501057	optimal	988.501057	988.501057
Cstr_16.xml	objective	R_PYK5	0.0	optimal	0.0	0.0
Cstr_16.xml	objective	R_PYOVD2tex	0.0	optimal	0.0	0.0
Cstr_16.xml	objective	R_PYOVDM1	0.0	optimal	0.0	0.0
Cstr_16.xml	objective	R_PYOVDM2	0.0	optimal	0.0	0.0
Cstr_16.xml	objective	R_PYRDC	0.0	optimal	0.0	0.0
Cstr_16.xml	objective	R_PYRt2rpp	0.0	optimal	0.0	0.0
Cstr_16.xml	objective	R_PYRt4pp	0.0	optimal	0.0	0.0
Cstr_16.xml	objective	R_PYRtex	0.0	optimal	0.0	0.0
Cstr_16.xml	objective	R_QMO2	0.0	optimal	0.0	999.912714
Cstr_16.xml	objective	R_QULNS	0.087286	optimal	0.087286	0.087286
Cstr_16.xml	objective	R_R5PP	0.0	optimal	0.0	0.0
Cstr_16.xml	objective	R_RAFFINt2	0.0	optimal	0.0	0.0
Cstr_16.xml	objective	R_RAFH	0.0	optimal	0.0	0.0
Cstr_16.xml	objective	R_RBFK	0.008545	optimal	0.008545	0.008545
Cstr_16.xml	objective	R_RBFSa	0.0	optimal	0.0	0.0
Cstr_16.xml	objective	R_RBFSb	0.0	optimal	0.0	0.0
Cstr_16.xml	objective	R_RBK	0.0	optimal	0.0	0.0
Cstr_16.xml	objective	R_RECOAH10	0.0	optimal	0.0	1000.0
Cstr_16.xml	objective	R_RECOAH11	0.0	optimal	0.0	1000.0
Cstr_16.xml	objective	R_RECOAH12	0.0	optimal	0.0	1000.0
Cstr_16.xml	objective	R_RECOAH13	0.0	optimal	0.0	1000.0
Cstr_16.xml	objective	R_RECOAH14	0.0	optimal	0.0	1000.0
Cstr_16.xml	objective	R_RECOAH15	0.0	optimal	0.0	1000.0
Cstr_16.xml	objective	R_RECOAH16	0.0	optimal	0.0	1000.0
Cstr_16.xml	objective	R_RECOAH17	0.0	optimal	0.0	1000.0
Cstr_16.xml	objective	R_RECOAH22	0.0	optimal	0.0	1000.0
Cstr_16.xml	objective	R_RECOAH23	0.0	optimal	0.0	1000.0
Cstr_16.xml	objective	R_RECOAH24	0.0	optimal	0.0	1000.0
Cstr_16.xml	objective	R_RECOAH25	0.0	optimal	0.0	1000.0
Cstr_16.xml	objective	R_RECOAH26	0.0	optimal	0.0	1000.0
Cstr_16.xml	objective	R_RECOAH9	0.0	optimal	0.0	1000.0
Cstr_16.xml	objective	R_REPHACCOAI	0.0	optimal	0.0	0.0
Cstr_16.xml	objective	R_RHA141tex	0.0	optimal	0.0	0.0
Cstr_16.xml	objective	R_RHA141tpp	0.0	optimal	0.0	0.0
Cstr_16.xml	objective	R_RHA40tpp	0.0	optimal	0.0	0.0
Cstr_16.xml	objective	R_RHACOAE100	0.0	optimal	0.0	0.0
Cstr_16.xml	objective	R_RHACOAE120	0.0	optimal	0.0	0.0
Cstr_16.xml	objective	R_RHACOAE121	0.0	optimal	0.0	0.0
Cstr_16.xml	objective	R_RHACOAE121d6	0.0	optimal	0.0	0.0
Cstr_16.xml	objective	R_RHACOAE140	0.0	optimal	0.0	0.0
Cstr_16.xml	objective	R_RHACOAE141	0.0	optimal	0.0	0.0
Cstr_16.xml	objective	R_RHACOAE141d5	0.0	optimal	0.0	0.0
Cstr_16.xml	objective	R_RHACOAE142	0.0	optimal	0.0	0.0
Cstr_16.xml	objective	R_RHACOAE160	0.0	optimal	0.0	0.0
Cstr_16.xml	objective	R_RHACOAE50	0.0	optimal	0.0	0.0
Cstr_16.xml	objective	R_RHACOAE60	0.0	optimal	0.0	0.0
Cstr_16.xml	objective	R_RHACOAE70	0.0	optimal	0.0	0.0
Cstr_16.xml	objective	R_RHACOAE80	0.0	optimal	0.0	0.0
Cstr_16.xml	objective	R_RHACOAE90	0.0	optimal	0.0	0.0
Cstr_16.xml	objective	R_RHACOAEP100	0.0	optimal	0.0	0.0
Cstr_16.xml	objective	R_RHACOAEP101	0.0	optimal	0.0	0.0
Cstr_16.xml	objective	R_RHACOAEP40	0.0	optimal	0.0	0.0
Cstr_16.xml	objective	R_RHACOAEP50	0.0	optimal	0.0	0.0
Cstr_16.xml	objective	R_RHACOAEP60	0.0	optimal	0.0	0.0
Cstr_16.xml	objective	R_RHACOAEP70	0.0	optimal	0.0	0.0
Cstr_16.xml	objective	R_RHACOAEP80	0.0	optimal	0.0	0.0
Cstr_16.xml	objective	R_RHACOAEP90	0.0	optimal	0.0	0.0
Cstr_16.xml	objective	R_RHACOAET40	0.0	optimal	0.0	0.0
Cstr_16.xml	objective	R_RHACOAET60	0.0	optimal	0.0	0.0
Cstr_16.xml	objective	R_RHACOAR101	0.0	optimal	0.0	1000.0
Cstr_16.xml	objective	R_RHACOAR121d5	0.0	optimal	0.0	1000.0
Cstr_16.xml	objective	R_RHACOAR121d6	0.0	optimal	0.0	1000.0
Cstr_16.xml	objective	R_RHACOAR141d5	0.0	optimal	0.0	1000.0
Cstr_16.xml	objective	R_RHACOAR141d7	0.0	optimal	0.0	0.0
Cstr_16.xml	objective	R_RHACOAR142	0.0	optimal	0.0	1000.0
Cstr_16.xml	objective	R_RHACOAR70	0.0	optimal	0.0	1000.0
Cstr_16.xml	objective	R_RHACOAR90	0.0	optimal	0.0	1000.0
Cstr_16.xml	objective	R_RHACOARP100	0.0	optimal	0.0	1000.0
Cstr_16.xml	objective	R_RHACOARP40	0.0	optimal	0.0	1000.0
Cstr_16.xml	objective	R_RHACOARP50	0.0	optimal	0.0	1000.0
Cstr_16.xml	objective	R_RHACOARP60	0.0	optimal	0.0	1000.0
Cstr_16.xml	objective	R_RHACOARP70	0.0	optimal	0.0	1000.0
Cstr_16.xml	objective	R_RHACOARP80	0.0	optimal	0.0	1000.0
Cstr_16.xml	objective	R_RHACOARP90	0.0	optimal	0.0	1000.0
Cstr_16.xml	objective	R_RHCCE	0.003832	optimal	0.003832	0.003832
Cstr_16.xml	objective	R_RIBFLVt2	0.017089	optimal	0.017089	0.017089
Cstr_16.xml	objective	R_RIBabc	0.0	optimal	0.0	0.0
Cstr_16.xml	objective	R_RIBabc1	0.0	optimal	0.0	0.0
Cstr_16.xml	objective	R_RIBabcpp	0.0	optimal	0.0	0.0
Cstr_16.xml	objective	R_RIBtex	0.0	optimal	0.0	0.0
Cstr_16.xml	objective	R_RNDR1	0.0	optimal	0.0	1.002604
Cstr_16.xml	objective	R_RNDR1b	0.0	optimal	0.0	1.002604
Cstr_16.xml	objective	R_RNDR2	0.0	optimal	0.0	1.035211
Cstr_16.xml	objective	R_RNDR2b	0.0	optimal	0.0	1.035211
Cstr_16.xml	objective	R_RNDR3	0.0	optimal	0.0	1.035211
Cstr_16.xml	objective	R_RNDR3b	1.035211	optimal	0.0	1.035211
Cstr_16.xml	objective	R_RNDR4	0.0	optimal	0.0	1.002604
Cstr_16.xml	objective	R_RNDR4b	0.0	optimal	0.0	1.002604
Cstr_16.xml	objective	R_RNTR1	1.002604	optimal	0.0	1.002604
Cstr_16.xml	objective	R_RNTR2	1.035211	optimal	0.0	1.035211
Cstr_16.xml	objective	R_RNTR3	0.0	optimal	0.0	1.035211
Cstr_16.xml	objective	R_RNTR4	1.002604	optimal	0.0	1.002604
Cstr_16.xml	objective	R_RPE	-19.936994	optimal	-19.936994	-19.936994
Cstr_16.xml	objective	R_RPI	-19.936994	optimal	-1000.0	-19.928449
Cstr_16.xml	objective	R_SADT	0.0	optimal	0.0	0.0
Cstr_16.xml	objective	R_SALCHS4FER1	0.0	optimal	0.0	0.0
Cstr_16.xml	objective	R_SALCHS4FEabcpp	0.0	optimal	0.0	0.0
Cstr_16.xml	objective	R_SALCHS4FEtonex	0.0	optimal	0.0	0.0
Cstr_16.xml	objective	R_SALCHS4abcpp	0.0	optimal	0.0	0.0
Cstr_16.xml	objective	R_SALCHS4tex	0.0	optimal	0.0	0.0
Cstr_16.xml	objective	R_SALCt	0.0	optimal	0.0	0.0
Cstr_16.xml	objective	R_SARCOX	0.0	optimal	0.0	0.0
Cstr_16.xml	objective	R_SBTD_D2	0.0	optimal	0.0	0.0
Cstr_16.xml	objective	R_SBTt2	0.0	optimal	0.0	0.0
Cstr_16.xml	objective	R_SDPDS	3.831704	optimal	3.831704	3.831704
Cstr_16.xml	objective	R_SDPTA	-3.831704	optimal	-3.831704	-3.831704
Cstr_16.xml	objective	R_SEPHCHCS	0.003832	optimal	0.003832	0.003832
Cstr_16.xml	objective	R_SERAT	0.0	optimal	0.0	0.0
Cstr_16.xml	objective	R_SERD_L	0.0	optimal	0.0	0.0
Cstr_16.xml	objective	R_SERGLUGLNtr	0.0	optimal	0.0	0.0
Cstr_16.xml	objective	R_SERabc	0.0	optimal	0.0	0.0
Cstr_16.xml	objective	R_SERt2r	20.504693	optimal	20.504693	20.504693
Cstr_16.xml	objective	R_SERt2rpp	0.0	optimal	0.0	0.0
Cstr_16.xml	objective	R_SERtex	0.0	optimal	0.0	0.0
Cstr_16.xml	objective	R_SHCHCS3	0.003832	optimal	0.003832	0.003832
Cstr_16.xml	objective	R_SHCHD2	0.0	optimal	0.0	0.0
Cstr_16.xml	objective	R_SHCHF	0.0	optimal	0.0	0.0
Cstr_16.xml	objective	R_SHK3Dr	0.0	optimal	0.0	0.0
Cstr_16.xml	objective	R_SHKK	0.003832	optimal	0.003832	0.003832
Cstr_16.xml	objective	R_SHSL1	0.0	optimal	0.0	0.0
Cstr_16.xml	objective	R_SHSL4r	0.0	optimal	0.0	0.0
Cstr_16.xml	objective	R_SIRA2	0.0	optimal	0.0	0.0
Cstr_16.xml	objective	R_SKMt2	0.003832	optimal	0.003832	0.003832
Cstr_16.xml	objective	R_SKMt2pp	0.0	optimal	0.0	0.0
Cstr_16.xml	objective	R_SKMtex	0.0	optimal	0.0	0.0
Cstr_16.xml	objective	R_SK_aacald_c	0.0	optimal	0.0	0.0
Cstr_16.xml	objective	R_SK_hemeO_c	0.0	optimal	0.0	0.0
Cstr_16.xml	objective	R_SK_lipopb_c	0.0	optimal	0.0	0.0
Cstr_16.xml	objective	R_SK_mththf_c	0.003832	optimal	0.0	0.003832
Cstr_16.xml	objective	R_SK_sheme_c	0.0	optimal	0.0	0.0
Cstr_16.xml	objective	R_SMIA1	0.0	optimal	-1000.0	1000.0
Cstr_16.xml	objective	R_SMIA1Eabc	0.0	optimal	0.0	0.0
Cstr_16.xml	objective	R_SMIA2abc	0.0	optimal	0.0	0.0
Cstr_16.xml	objective	R_SMIB1	0.0	optimal	-1000.0	1000.0
Cstr_16.xml	objective	R_SO3abcpp	0.0	optimal	0.0	0.0
Cstr_16.xml	objective	R_SO3tex	0.0	optimal	0.0	0.0
Cstr_16.xml	objective	R_SO4t2	0.166219	optimal	0.166219	0.166219
Cstr_16.xml	objective	R_SPMDabc	0.0	optimal	0.0	0.0
Cstr_16.xml	objective	R_SPMDt3pp	0.0	optimal	0.0	0.0
Cstr_16.xml	objective	R_SPMDtex	0.0	optimal	0.0	0.0
Cstr_16.xml	objective	R_SPODM	0.0	optimal	0.0	999.912714
Cstr_16.xml	objective	R_SSALx	0.0	optimal	0.0	0.0
Cstr_16.xml	objective	R_SSALy	0.0	optimal	0.0	0.0
Cstr_16.xml	objective	R_SSCOARy	-37.158063	optimal	-37.158063	-13.155504
Cstr_16.xml	objective	R_SUCASPtpp	0.0	optimal	0.0	0.0
Cstr_16.xml	objective	R_SUCBZL	0.003832	optimal	0.003832	0.003832
Cstr_16.xml	objective	R_SUCBZS	0.003832	optimal	0.003832	0.003832
Cstr_16.xml	objective	R_SUCCt2_3pp	0.0	optimal	0.0	0.0
Cstr_16.xml	objective	R_SUCCt2r	0.0	optimal	0.0	0.0
Cstr_16.xml	objective	R_SUCFUMtpp	0.0	optimal	0.0	0.0
Cstr_16.xml	objective	R_SUCMALtpp	0.0	optimal	0.0	0.0
Cstr_16.xml	objective	R_SUCOAACTr	0.0	optimal	-990.6762	1000.0
Cstr_16.xml	objective	R_SUCOAS	-33.326359	optimal	-1000.0	990.6762
Cstr_16.xml	objective	R_SUCR	0.0	optimal	0.0	0.0
Cstr_16.xml	objective	R_SUCRt2	0.0	optimal	0.0	0.0
Cstr_16.xml	objective	R_SUCTARTtpp	0.0	optimal	0.0	0.0
Cstr_16.xml	objective	R_SUCpts	0.0	optimal	0.0	0.0
Cstr_16.xml	objective	R_SULabc	0.0	optimal	0.0	0.0
Cstr_16.xml	objective	R_St	7.06229	optimal	7.06229	7.06229
Cstr_16.xml	objective	R_TAGLIPA160ex	0.0	optimal	0.0	1000.0
Cstr_16.xml	objective	R_TAGLIPA180ex	0.0	optimal	0.0	1000.0
Cstr_16.xml	objective	R_TAGLIPA181d9ex	0.0	optimal	0.0	1000.0
Cstr_16.xml	objective	R_TAGLIPA182d9d12	0.0	optimal	0.0	1000.0
Cstr_16.xml	objective	R_TALA	-9.968497	optimal	-9.968497	-9.968497
Cstr_16.xml	objective	R_TARTt2_3pp	0.0	optimal	0.0	0.0
Cstr_16.xml	objective	R_TAURabc	0.0	optimal	0.0	0.0
Cstr_16.xml	objective	R_TCYNTtex	0.0	optimal	0.0	0.0
Cstr_16.xml	objective	R_TCYNTtpp	0.0	optimal	0.0	0.0
Cstr_16.xml	objective	R_TDP	0.0	optimal	0.0	0.0
Cstr_16.xml	objective	R_THDPS	3.831704	optimal	3.831704	3.831704
Cstr_16.xml	objective	R_THIORDXi	0.0	optimal	0.0	500.0
Cstr_16.xml	objective	R_THMabc	0.008545	optimal	0.008545	0.008545
Cstr_16.xml	objective	R_THRA	0.0	optimal	0.0	0.0
Cstr_16.xml	objective	R_THRA2	0.0	optimal	0.0	0.0
Cstr_16.xml	objective	R_THRD	0.0	optimal	0.0	0.0
Cstr_16.xml	objective	R_THRD_L	0.0	optimal	0.0	0.0
Cstr_16.xml	objective	R_THRS	0.0	optimal	0.0	0.0
Cstr_16.xml	objective	R_THRabc	0.0	optimal	0.0	0.0
Cstr_16.xml	objective	R_THRabcpp	0.0	optimal	0.0	0.0
Cstr_16.xml	objective	R_THRt2pp	0.0	optimal	0.0	0.0
Cstr_16.xml	objective	R_THRt2r	9.720535	optimal	9.720535	9.720535
Cstr_16.xml	objective	R_THZPSN	0.0	optimal	0.0	0.0
Cstr_16.xml	objective	R_THZPSN2	0.0	optimal	0.0	0.0
Cstr_16.xml	objective	R_TKT1	-9.968497	optimal	-9.968497	-9.968497
Cstr_16.xml	objective	R_TKT2	-9.968497	optimal	-9.968497	-9.968497
Cstr_16.xml	objective	R_TMDK1	0.0	optimal	0.0	0.0
Cstr_16.xml	objective	R_TMDPK	0.008545	optimal	0.008545	0.008545
Cstr_16.xml	objective	R_TMDPP	0.0	optimal	0.0	0.0
Cstr_16.xml	objective	R_TMDS	0.0	optimal	0.0	1.002604
Cstr_16.xml	objective	R_TMDS3	1.002604	optimal	0.0	1.002604
Cstr_16.xml	objective	R_TMPK	0.0	optimal	0.0	0.0
Cstr_16.xml	objective	R_TMPPP	0.0	optimal	0.0	0.0
Cstr_16.xml	objective	R_TOLt5	0.0	optimal	0.0	0.0
Cstr_16.xml	objective	R_TOLt6	0.0	optimal	0.0	0.0
Cstr_16.xml	objective	R_TOLtex	0.0	optimal	0.0	0.0
Cstr_16.xml	objective	R_TOLtpp	0.0	optimal	0.0	0.0
Cstr_16.xml	objective	R_TPI	544.918113	optimal	-455.081887	544.926657
Cstr_16.xml	objective	R_TRDR	3.040419	optimal	0.0	509.972967
Cstr_16.xml	objective	R_TRE6PP	0.0	optimal	0.0	0.0
Cstr_16.xml	objective	R_TRE6PS	0.0	optimal	0.0	0.0
Cstr_16.xml	objective	R_TREabc	0.0	optimal	0.0	0.0
Cstr_16.xml	objective	R_TREpts	0.0	optimal	0.0	0.0
Cstr_16.xml	objective	R_TRPS1	0.0	optimal	0.0	0.0
Cstr_16.xml	objective	R_TRPS2	0.0	optimal	0.0	0.0
Cstr_16.xml	objective	R_TRPS3	0.0	optimal	0.0	0.0
Cstr_16.xml	objective	R_TRPabc	2.178055	optimal	2.178055	2.178055
Cstr_16.xml	objective	R_TRYPTAOX	0.0	optimal	0.0	0.0
Cstr_16.xml	objective	R_TSULabc	0.0	optimal	0.0	0.0
Cstr_16.xml	objective	R_TYRTA	0.0	optimal	0.0	0.0
Cstr_16.xml	objective	R_TYRabc	0.0	optimal	0.0	0.0
Cstr_16.xml	objective	R_TYRt2rpp	5.283766	optimal	5.283766	5.283766
Cstr_16.xml	objective	R_TYRtex	5.283766	optimal	5.283766	5.283766
Cstr_16.xml	objective	R_UAAGDS	3.831704	optimal	3.831704	3.831704
Cstr_16.xml	objective	R_UAGCVT	3.831704	optimal	3.831704	3.831704
Cstr_16.xml	objective	R_UAGDP	7.663408	optimal	7.663408	7.663408
Cstr_16.xml	objective	R_UAGPT2	0.0	optimal	0.0	1000.0
Cstr_16.xml	objective	R_UAGPT2_1	0.0	optimal	-1000.0	0.0
Cstr_16.xml	objective	R_UAGPT3	3.831704	optimal	3.831704	3.831704
Cstr_16.xml	objective	R_UAMAGS	3.831704	optimal	3.831704	3.831704
Cstr_16.xml	objective	R_UAMAS	3.831704	optimal	3.831704	3.831704
Cstr_16.xml	objective	R_UAPGR	3.831704	optimal	3.831704	3.831704
Cstr_16.xml	objective	R_UDCPDP	3.831704	optimal	3.831704	3.831704
Cstr_16.xml	objective	R_UDPDPS	0.0	optimal	0.0	3.831704
Cstr_16.xml	objective	R_UDPDPS2	0.0	optimal	0.0	3.831704
Cstr_16.xml	objective	R_UDPG4E	0.0	optimal	0.0	0.0
Cstr_16.xml	objective	R_UGLT	0.0	optimal	0.0	1000.0
Cstr_16.xml	objective	R_UGMDDS	3.831704	optimal	3.831704	3.831704
Cstr_16.xml	objective	R_UM3PL	0.0	optimal	0.0	0.0
Cstr_16.xml	objective	R_UMPK	16.506789	optimal	16.506789	16.506789
Cstr_16.xml	objective	R_UNK3	0.0	optimal	0.0	5.897337
Cstr_16.xml	objective	R_UPP3MT	0.0	optimal	0.0	0.0
Cstr_16.xml	objective	R_UPP3S	0.0	optimal	0.0	0.0
Cstr_16.xml	objective	R_UPPDC1	0.0	optimal	0.0	0.0
Cstr_16.xml	objective	R_UPPRT	12.675085	optimal	12.675085	12.675085
Cstr_16.xml	objective	R_URAt2	12.675085	optimal	12.675085	12.675085
Cstr_16.xml	objective	R_URAt2pp	0.0	optimal	0.0	0.0
Cstr_16.xml	objective	R_URAtex	0.0	optimal	0.0	0.0
Cstr_16.xml	objective	R_URCN	0.0	optimal	0.0	0.0
Cstr_16.xml	objective	R_UREASE	0.0	optimal	0.0	0.0
Cstr_16.xml	objective	R_UREAt	0.0	optimal	0.0	0.0
Cstr_16.xml	objective	R_URIH	0.0	optimal	0.0	0.0
Cstr_16.xml	objective	R_VALTA	0.0	optimal	-1000.0	983.785685
Cstr_16.xml	objective	R_VALabc	0.0	optimal	0.0	0.0
Cstr_16.xml	objective	R_VALabcpp	0.0	optimal	0.0	0.0
Cstr_16.xml	objective	R_VALt2r	0.0	optimal	0.0	0.0
Cstr_16.xml	objective	R_VALt3pp	0.0	optimal	0.0	0.0
Cstr_16.xml	objective	R_VCACT	0.0	optimal	0.0	0.0
Cstr_16.xml	objective	R_VECOAH	0.0	optimal	0.0	0.0
Cstr_16.xml	objective	R_VPAMTr	16.214315	optimal	-983.785685	1000.0
Cstr_16.xml	objective	R_XPPT	0.0	optimal	0.0	0.0
Cstr_16.xml	objective	R_XTSNH	0.0	optimal	0.0	0.0
Cstr_16.xml	objective	R_XTSNt2	0.0	optimal	0.0	0.0
Cstr_16.xml	objective	R_XYLabc	0.0	optimal	0.0	0.0
Cstr_16.xml	objective	R_XYLt	0.0	optimal	0.0	0.0
Cstr_16.xml	objective	R_YUMPS	0.0	optimal	-1000.0	0.0
Cstr_16.xml	objective	R_ZN2abcpp	0.0	optimal	0.0	0.0
Cstr_16.xml	objective	R_ZN2t3pp	0.0	optimal	0.0	0.0
Cstr_16.xml	objective	R_ZN2t4pp	0.0	optimal	0.0	0.0
Cstr_16.xml	objective	R_ZNabc	0.0	optimal	0.0	0.0
Cstr_16.xml	objective	R_ZNabcpp	0.0	optimal	0.0	0.0
Cstr_16.xml	objective	R_r1143	0.0	optimal	0.0	0.0
Cstr_16.xml	objective	R_r2465_1	-0.013066	optimal	-0.013066	-0.013066
